biz_id,identity_key,status,merged_into,created_run,last_seen_run,loan_numbers
biz-001,CPS|21 BRIGHAM ST|01581,active,,20261007T202810Z,20261007T202838Z,4349297001
biz-002,KEN PECORE PLUMBING AND HEATING|460 WORCESTER RD|01507,active,,20261007T202810Z,20261007T202838Z,4350727007
biz-003,LEPREVOST PLUMBING AND HEATING|18 RUN WAY|01238,active,,20261007T202810Z,20261007T202838Z,4351507002
biz-004,TC CONTROLS AND SERVICES|53 E CENTRAL ST|01605,active,,20261007T202810Z,20261007T202838Z,4352027002
biz-005,PIONEER HEATING AND COOLING|52 MAPLE ST|01062,active,,20261007T202810Z,20261007T202838Z,4376697009
biz-006,HAROLD BROTHERS MECHANICAL CONTRACTORS|44 WOODROCK RD|02189,active,,20261007T202810Z,20261007T202838Z,4382327010
biz-007,BOULANGERS PLUMBING AND HEATING|373 MAIN ST|01027,active,,20261007T202810Z,20261007T202838Z,2435488308;4384687006
biz-008,MCDONALD HEATING AIR CONDITIONING AND PLUMBING|200 AUBURN ST|01524,active,,20261007T202810Z,20261007T202838Z,4393567007
biz-009,NORTH MECHANICAL SERVICES|25 MULBERRY ST|01830,active,,20261007T202810Z,20261007T202838Z,4406187000
biz-010,SANTON PLUMBING AND HEATING|99 W MAIN ST|01527,active,,20261007T202810Z,20261007T202838Z,4451337007
biz-011,ALLIED FIRE PROTECTION|11 E FISK AVE|01107,active,,20261007T202810Z,20261007T202838Z,4458407007
biz-012,DOBBERT HEATING AND AIR CONDITIONING|558 UNION ST|01247,active,,20261007T202810Z,20261007T202838Z,4046688609;4459127008
biz-013,N AND T MECHANICAL CONTRACTORS|417 BOLTON RD|01523,active,,20261007T202810Z,20261007T202838Z,4464167003;7089628802
biz-014,CONTROL POINT MECHANICAL|165 MEMORIAL DR|01545,active,,20261007T202810Z,20261007T202838Z,4471157009
biz-015,A DUQUETTE AND SON|104 BLACKSTONE RIVER RD|01607,active,,20261007T202810Z,20261007T202838Z,4496707004
biz-016,ALL CLEAR PLUMBING|12 WILMINGTON RD|01803,active,,20261007T202810Z,20261007T202838Z,4555697004
biz-017,COMPLETE COMFORT SYSTEMS|230 ESSEX ST|01832,active,,20261007T202810Z,20261007T202838Z,4608547010;5007148308
biz-018,POLAR MECHANICAL|37 KNOLLWOOD DR|01507,active,,20261007T202810Z,20261007T202838Z,4644347006
biz-019,WILSON BROTHERS HVAC|35 LOWELL RD|01463,active,,20261007T202810Z,20261007T202838Z,4659597003
biz-020,DEWOLFE CONTRACTING|211 SHREWSBURY ST|01583,active,,20261007T202810Z,20261007T202838Z,4676857000
biz-021,BOSTON AIR SYSTEMS|115 MESSINA DR|02184,active,,20261007T202810Z,20261007T202838Z,4699867006
biz-022,IEC MECHANICAL|83 LEICESTER ST|01537,active,,20261007T202810Z,20261007T202838Z,2128618506;4707507004
biz-023,JOSEPH A DIPIETRO HEATING AND COOLING|32 MIDDLESEX ST|01835 || JOSEPH A DIPIETRO HEATING AND COOLING|5 S SUMMER ST|01835,active,,20261007T202810Z,20261007T202838Z,4709647004;9716528403
biz-024,ANYTIME PLUMBING AND HEATING|123 BROADWAY|02780,active,,20261007T202810Z,20261007T202838Z,4710097002
biz-025,NORTHEASTERN MECHANICAL|35 INDUSTRIAL DR|02021,active,,20261007T202810Z,20261007T202838Z,4733737007;7427398700
biz-026,PATRIOT PLUMBING AND HEATING|35 INDUSTRIAL DR|02021,active,,20261007T202810Z,20261007T202838Z,4742747001
biz-027,VALANTE MECHANICAL|32 FURNACE AVE|02169,active,,20261007T202810Z,20261007T202838Z,3591588408;4746127000
biz-028,GRAY|28 NASHUA RD|01862,active,,20261007T202810Z,20261007T202838Z,4747947001
biz-029,GRATTA REFRIGERATION AND AIR CONDITIONING|1047 WASHINGTON ST|02189,active,,20261007T202810Z,20261007T202838Z,1395738409;4750697010
biz-030,PIERCE REFRIGERATION|439 E CENTER ST|02379,active,,20261007T202810Z,20261007T202838Z,4768477001
biz-031,G AND L PLUMBING|140 SHREWSBURY ST|01505,active,,20261007T202810Z,20261007T202838Z,4771637002
biz-032,ACE TEMPERATURE CONTROL|30 WARD ST|01610,active,,20261007T202810Z,20261007T202838Z,4800327003;6164288302
biz-033,EAGLE SPRINKLER FIRE AND PROTECTION|781 MAIN ST|01588,active,,20261007T202810Z,20261007T202838Z,4802817001
biz-034,JIM DORSEY AND SONS|82 INGELL ST|02780,active,,20261007T202810Z,20261007T202838Z,4838467005
biz-035,AFM PLUMBING|370 CIRCUIT ST|02061,active,,20261007T202810Z,20261007T202838Z,4927417003
biz-036,DENOMMEE PLUMBING AND HEATING|21 WESTECH DR|01879,active,,20261007T202810Z,20261007T202838Z,5006207010
biz-037,NEW ENGLAND PLUMBING SOLUTIONS|759 CHIEF JUSTICE CUSHING HWY|02025,active,,20261007T202810Z,20261007T202838Z,5072877010
biz-038,EXCEL MECHANICAL|392 MCGRATH HWY|02143,active,,20261007T202810Z,20261007T202838Z,5084327006
biz-039,TAVANO MECHANICAL SYSTEMS|270 COMMUNICATION WAY|02601 || TAVANO MECHANICAL SYSTEMS|270 COMUNICATIONS WAY|02601,active,,20261007T202810Z,20261007T202838Z,5088157000;6195238301
biz-040,OCONNELL PLUMBING|19A LARCHMONT RD|01970,active,,20261007T202810Z,20261007T202838Z,5100887000
biz-041,CASWELL MECHANICAL|24 GRAF RD|01950,active,,20261007T202810Z,20261007T202838Z,3976138403;5115257002
biz-042,CHATHAM SHEETMETAL|28 VILLAGE LANDING PO BOX 1467|02633,active,,20261007T202810Z,20261007T202838Z,5146817007
biz-043,LC MECHANICAL|147 HYACINTH ST|02720,active,,20261007T202810Z,20261007T202838Z,5179507004
biz-044,SUBURBAN HVAC|16 SW PARK|02090,active,,20261007T202810Z,20261007T202838Z,5197667010
biz-045,SUBURBAN SERVICE CORPORATION OF NORWOOD|16 SW PARK|02090,active,,20261007T202810Z,20261007T202838Z,5204827009
biz-046,ADVANCED ENERGY CONCEPTS OF WORCESTER|151 SOUTHBRIDGE ST|01501,active,,20261007T202810Z,20261007T202838Z,5219627000;6245988400
biz-047,HVACR SERVICE CONTRACTORS|29 SWORD ST|01501,active,,20261007T202810Z,20261007T202838Z,5222967009
biz-048,NEW ENGLAND DUCTLESS|41 HOLLINGSWORTH ST|02126,active,,20261007T202810Z,20261007T202838Z,5275727000
biz-049,BOSTON STANDARD PLUMBING AND HEATING|41 HOLLINGSWORTH ST|02186,active,,20261007T202810Z,20261007T202838Z,5376167008
biz-050,NASHOBA AIR|527 GREAT RD|01460,active,,20261007T202810Z,20261007T202838Z,5432307008
biz-051,MILLTOWN PLUMBING AND HEATING|131 STEADMAN ST 6|01824,active,,20261007T202810Z,20261007T202838Z,5562727003
biz-052,BOUCHER ENERGY SYSTEMS|88 MILLVILLE|01756,active,,20261007T202810Z,20261007T202838Z,5630827001
biz-053,MAGUIRE|254 ADAMS ST|02458,active,,20261007T202810Z,20261007T202838Z,5657697010
biz-054,ATCO PLUMBING AND MECHANICAL|93 WEAVER ST|02720,active,,20261007T202810Z,20261007T202838Z,5670227003
biz-055,MACCORMACK PLUMBING|17 BRIDGE ST|01821,active,,20261007T202810Z,20261007T202838Z,5686027007
biz-056,PIPING SYSTEMS|32 MILL ST PO BOX 409|02702 || PIPING SYSTEMS|32 MILL ST|02702,active,,20261007T202810Z,20261007T202838Z,2986038309;5690417009
biz-057,GUSTAFSON PLUMBERS|1035 MILLBURY ST|01607,active,,20261007T202810Z,20261007T202838Z,5705397009
biz-058,AMERICAN PLUMBING AND HEATING|1000 CORDWAINER DR|02061 || AMERICAN PLUMBING AND HEATING|1000 CORDWAINER|02061,active,,20261007T202810Z,20261007T202838Z,5267218301;5742577003
biz-059,ACCUTEMP ENGINEERING|100 MAPLE ST|02180,active,,20261007T202810Z,20261007T202838Z,5803937009
biz-060,WALTER SMITH PLUMBING AND HEATING|8 WEEKS LN|02539,active,,20261007T202810Z,20261007T202838Z,5815267006
biz-061,KINGSTON PLUMBING AND HEATING|100 FERNCROFT RD|01923 || KINGSTON PLUMBING AND HEATING|7 RYAN RD|01923,active,,20261007T202810Z,20261007T202838Z,5830197007;8622068401
biz-062,BL MECHANICAL|726 QUAKER HWY|01569,active,,20261007T202810Z,20261007T202838Z,5834827003
biz-063,MCCUSKER GILL|60 RESEARCH RD|02043,active,,20261007T202810Z,20261007T202838Z,5861077009
biz-064,NEW ENGLAND COOLING TOWERS|69 WESTECH DR|01879,active,,20261007T202810Z,20261007T202838Z,5869527007
biz-065,EMOND PLUMBING AND HEATING|555 WINTHROP ST|02780,active,,20261007T202810Z,20261007T202838Z,5878337000
biz-066,SIGMA MECHANICAL SERVICES|25 ROCKWOOD RD|02050,active,,20261007T202810Z,20261007T202838Z,5913067009
biz-067,WORCESTER AIR CONDITIONING|148 PLEASANT ST|01721,active,,20261007T202810Z,20261007T202838Z,5950127002
biz-068,EMPIRE ENGINEERING|263 REVERE ST|02021,active,,20261007T202810Z,20261007T202838Z,5978867003;9322228306
biz-069,BELMONT ENERGY|42 BRIGHTON ST|02478,active,,20261007T202810Z,20261007T202838Z,6027697010
biz-070,PATRICK J KENNEDY AND SONS|39 GIBSON ST|02122,active,,20261007T202810Z,20261007T202838Z,6162547003
biz-071,COMMONWEALTH HOME SERVICES|59 MITCHELL RD|01938,active,,20261007T202810Z,20261007T202838Z,6260327000
biz-072,BOSTON SILA HEATING AND AIR CONDITIONING|12 MANISON ST|02180,active,,20261007T202810Z,20261007T202838Z,6284967009
biz-073,E AMANTI AND SONS|390 HIGHLAND AVE|01970,active,,20261007T202810Z,20261007T202838Z,6310667007;9551868401
biz-074,POWDERLY AND SONS PLUMBING AND HEATING|572 BOSTON RD 12|01821,active,,20261007T202810Z,20261007T202838Z,6369057006
biz-075,THERMO DYNAMICS INTERNATIONAL|101 ST|01913,active,,20261007T202810Z,20261007T202838Z,6542747006
biz-076,WHITNEY BROTHERS OIL|696 MAIN ST|01510,active,,20261007T202810Z,20261007T202838Z,6569557008
biz-077,BOSTON AIR|1595 CENTRAL ST|02072,active,,20261007T202810Z,20261007T202838Z,5975548405;6587977009
biz-078,C AND C TEMP CONTROL|167 SW CUTOFF|01604,active,,20261007T202810Z,20261007T202838Z,6590227008
biz-079,JV MECHANICAL CONTRACTORS|929 SCHOOL ST|01570,active,,20261007T202810Z,20261007T202838Z,6592587004
biz-080,BAY STATE AIR|21 SPENCER ST|02180,active,,20261007T202810Z,20261007T202838Z,6609607005
biz-081,DRY AIR SYSTEMS|62 FOREST RIDGE DR|01969,active,,20261007T202810Z,20261007T202838Z,6664337010
biz-082,DESIGN MECHANICAL|70 TENNEY ST|01833,active,,20261007T202810Z,20261007T202838Z,6675547009
biz-083,TOTAL TEMPERATURE CONTROL|39 W WATER ST|01880,active,,20261007T202810Z,20261007T202838Z,1293548301;6693397005
biz-084,T AND J HEATING AND AIR CONDITIONING|121 MECHANIC ST|02019,active,,20261007T202810Z,20261007T202838Z,6731967001
biz-085,ERIC C FOSTER PLUMBING AND HEATING|145 STEDMAN ST|01824,active,,20261007T202810Z,20261007T202838Z,6792617005
biz-086,KERMIT B SCHULZ AND SONS|39 NORFOLK RD|02054,active,,20261007T202810Z,20261007T202838Z,6834627007
biz-087,READY ROOTER|17 JAN SEBASTIAN DR|02563,active,,20261007T202810Z,20261007T202838Z,6909407006
biz-088,128 PLUMBING AND HEATING|78 FOUNDRY ST|01880,active,,20261007T202810Z,20261007T202838Z,6933907003
biz-089,DAVID HEATING AND COOLING|19 CHURCH ST|01860,active,,20261007T202810Z,20261007T202838Z,7073327010
biz-090,FILTER SALES AND SERVICE|15 ADAMS ST|01803,active,,20261007T202810Z,20261007T202838Z,7096447003
biz-091,COOLING UNLIMITED|556 A MAIN ST|01867 || COOLING UNLIMITED|565 MAIN ST 1|01867,active,,20261007T202810Z,20261007T202838Z,7133107006;8652488301
biz-092,DG SERVICE|23 CO RD|02739,active,,20261007T202810Z,20261007T202838Z,7136147002
biz-093,TJ CONWAY|26 PROGRESS AVE|01104,active,,20261007T202810Z,20261007T202838Z,7326157006
biz-094,INDEPENDENT MECHANICAL CONTRACTORS|21 G OLYMPIA AVE|01801,active,,20261007T202810Z,20261007T202838Z,7379057004
biz-095,PH MECHANICAL|161 GRANITE AVE|02124,active,,20261007T202810Z,20261007T202838Z,7431837000
biz-096,CALLAHAN AC AND HEATING SERVICES|91 BELMONT ST|01845,active,,20261007T202810Z,20261007T202838Z,7530437004;9774768403
biz-097,FLEET REFRIGERATION AND AIR CONDITIONING|27 CANAL ST|02155,active,,20261007T202810Z,20261007T202838Z,7554277009
biz-098,EDWARD H MARCHANT|153 OLD COLONY AVE|02170,active,,20261007T202810Z,20261007T202838Z,3885678602;7585067008
biz-099,KIRKLAND AND SHAW|5 ADAMS ST|01803,active,,20261007T202810Z,20261007T202838Z,7592147006
biz-100,NORTHEAST AUTOMATIC SPRINKLER|25 MARION DR|02364,active,,20261007T202810Z,20261007T202838Z,7698237007
biz-101,SS SERVICE|30 ROBERT W BOYDEN RD|02780,active,,20261007T202810Z,20261007T202838Z,7711377009
biz-102,CHASE AND TOLAN PLUMBING AND HEATING|1 SUMMER ST|02472,active,,20261007T202810Z,20261007T202838Z,7766347008
biz-103,GLIONNA PLUMBING AND HEATING|31 STAAF RD|01906,active,,20261007T202810Z,20261007T202838Z,7815867008
biz-104,DANS SERVICE|26 ELM ST|02143,active,,20261007T202810Z,20261007T202838Z,7910627004
biz-105,MECHANICAL ENERGY|153 WASHINGTON ST|02032,active,,20261007T202810Z,20261007T202838Z,4912698402;7999787001
biz-106,KENNEDY MECHANICAL|271 SALEM ST|01801,active,,20261007T202810Z,20261007T202838Z,8284287005;8838548402
biz-107,INDUSTRIAL BOILER AND MECHANICAL SERVICE|156 MAPLE ST|01923,active,,20261007T202810Z,20261007T202838Z,8479017005
biz-108,PANN HOME SERVICES|247 SALEM ST|01801,active,,20261007T202810Z,20261007T202838Z,6824618301;8504597007
biz-109,DAVID M MURPHY PLUMBING HEATING AND GAS FITTING|159 PERRY ST|01852,active,,20261007T202810Z,20261007T202838Z,4113218500;8504647009
biz-110,KEYES NORTH ATLANTIC|459 WATERTOWN ST|02460,active,,20261007T202810Z,20261007T202838Z,8551957000
biz-111,A SPOLIDORO AND SONS|17 SIMONDS FM RD|01862,active,,20261007T202810Z,20261007T202838Z,8641107007
biz-112,MARTEL HVAC|58 UNION ST|01721,active,,20261007T202810Z,20261007T202838Z,8692637002
biz-113,MEDFORD WELLINGTON SERVICE|9 EXECUTIVE PARK DR|01862,active,,20261007T202810Z,20261007T202838Z,7232628501;8722467001
biz-114,MUISE MECHANICAL|9 CARTWRIGHT LN|01821,active,,20261007T202810Z,20261007T202838Z,4724998510;8963547002
biz-115,RUSTYS|222 MID TECH DR|02673,active,,20261007T202810Z,20261007T202838Z,8965007008
biz-116,DDS INDUSTRIES|250 ACE ST|02720,active,,20261007T202810Z,20261007T202838Z,9010497006
biz-117,RIVERDALE PLUMBING AND HEATING|35 MERCHANTS DR|02081,active,,20261007T202810Z,20261007T202838Z,9043287009
biz-118,BRAGA BROS|110 BREEDS HILL RD|02601,active,,20261007T202810Z,20261007T202838Z,9051127007
biz-119,ATLANTIC HEATING AND AIR CONDITIONING|116 CYPRESS ST|02445,active,,20261007T202810Z,20261007T202838Z,4183618410;9159797000
biz-120,AALANCO SERVICE|80B TURNPIKE RD|01581,active,,20261007T202810Z,20261007T202838Z,9168717000;9808028305
biz-121,INLINE MECHANICAL|226 LOWELL ST|01887,active,,20261007T202810Z,20261007T202838Z,9177717002
biz-122,JJ SULLIVAN PLUMBING AND HEATING|346 SOMERVILLE AVE|02143,active,,20261007T202810Z,20261007T202838Z,9266607006
biz-123,FRANK B PAIGE PLUMBING AND HEATING SERVICES|19 KNOLLWOOD DR|01028,active,,20261007T202810Z,20261007T202838Z,9270427003
biz-124,B AND B MECHANICAL SERVICES|34 SULLIVAN RD|01862,active,,20261007T202810Z,20261007T202838Z,3134318304;9307297006
biz-125,EXCEL HVAC|61 GLENN ST|01843,active,,20261007T202810Z,20261007T202838Z,3132068504;9317477005
biz-126,THOMAS G GALLAGHER|309 WAVERLEY OAKS RD|02452,active,,20261007T202810Z,20261007T202838Z,9349927003
biz-127,BILO PLUMBING AND HEATING|198 HIGH ST|01938,active,,20261007T202810Z,20261007T202838Z,9392617010
biz-128,HOWSE|197 MAIN ST|01864,active,,20261007T202810Z,20261007T202838Z,9400147001
biz-129,HOKUM ROCK CORPORATION THE|357 HOKUM ROCK RD|02638,active,,20261007T202810Z,20261007T202838Z,9497047001
biz-130,EDWARD F CORCORAN PLUMBING AND HEATING|5 ROSE PL|01104,active,,20261007T202810Z,20261007T202838Z,5036808500;9622437000
biz-131,MARK E MEACHAM|253 A WORCESTER RD|01507,active,,20261007T202810Z,20261007T202838Z,9622567004
biz-132,V AND G PLUMBING AND HEATING|05 MASON ST|01609 || V AND G PLUMBING AND HEATING|5 MASON ST|01609,active,,20261007T202810Z,20261007T202838Z,8679828601;9639087009
biz-133,FLYNN AND CATALDO|67 SMITH PL|02138,active,,20261007T202810Z,20261007T202838Z,9762697010
biz-134,SUNDAY RIVER|9 BONAZZOLI AVE|01749,active,,20261007T202810Z,20261007T202838Z,2049228302;9780537001
biz-135,MANSFIELD AND ROBBINS PLUMBING AND HEATING|234 ALBION ST|01880,active,,20261007T202810Z,20261007T202838Z,6913438504;9817827010
biz-136,JEFFREY J PEABODY PLUMBING AND HEATING|58 R PULASKI ST|01960 || JEFFREY J PEABODY PLUMBING AND HEATING|58R PULASKI ST|01960,active,,20261007T202810Z,20261007T202838Z,4560928710;9940347003
biz-137,HOUGHTON PLUMBING AND HEATING|130 CENTRAL ST|02180,active,,20261007T202810Z,20261007T202838Z,1209407100
biz-138,CGR MECHANICAL|89 BELMONT ST|01845 || CGR MECHANICAL|89|01845,active,,20261007T202810Z,20261007T202838Z,1213477102;5348098402
biz-139,JS MORTIMER|13 ROCKLAND RD|01501,active,,20261007T202810Z,20261007T202838Z,1277497107;8666388710
biz-140,BURKE AND SONS PLUMBING AND HEATING|1 FEDERAL WAY|01834,active,,20261007T202810Z,20261007T202838Z,1285947100;2466458509
biz-141,WILLIAM MUELLER PLUMBING|7 A ST AIRPORT PARK|02539,active,,20261007T202810Z,20261007T202838Z,1295537110
biz-142,TRETHEWEY BROTHERS|4280 WASHINGTON ST|02131,active,,20261007T202810Z,20261007T202838Z,1393787108
biz-143,A PLUS HVAC|26 AIRPORT DR|01085,active,,20261007T202810Z,20261007T202838Z,1497287105
biz-144,ENERGY CONSTRUCTION SERVICES|213 SOUTHBRIDGE ST|01501,active,,20261007T202810Z,20261007T202838Z,1588727101
biz-145,JEC SERVICE|110 CLEMATIS AVE 1|02453,active,,20261007T202810Z,20261007T202838Z,1616407108
biz-146,DIAMOND MECHANICAL|723 WASHINGTON ST|02188,active,,20261007T202810Z,20261007T202838Z,1659947106
biz-147,THOMAS E SNOWDEN|189 CENTRAL ST|01906,active,,20261007T202810Z,20261007T202838Z,1698497105;7627418502
biz-148,YANKEE SPRINKLER|612 PLYMOUTH ST|02333,active,,20261007T202810Z,20261007T202838Z,1781037108
biz-149,CITY POINT FIRE PROTECTION|10 COMMERCE RD|02370,active,,20261007T202810Z,20261007T202838Z,1823887104
biz-150,MONIQUES BATH SHOWROOM|123 N BEACON ST|02472,active,,20261007T202810Z,20261007T202838Z,1901357105
biz-151,DARCY CO INC THE|44 CLEMENTE ST|01040,active,,20261007T202810Z,20261007T202838Z,1957727108
biz-152,SOLAR ON EARTH|11 WILLOW RD|01432,active,,20261007T202810Z,20261007T202838Z,1982707104
biz-153,ADVANCE AIR AND HEAT|177 BULLOCK RD|02717,active,,20261007T202810Z,20261007T202838Z,2010297101
biz-154,FOUR SEASONS HEATING AND COOLING|134 E HOUSATONIC ST|01226,active,,20261007T202810Z,20261007T202838Z,2013007101;3977448502
biz-155,CHAVES HEATING AND AIR CONDITIONING|15 BONAZZOLI AVE|01749,active,,20261007T202810Z,20261007T202838Z,2050287103
biz-156,INDUSTRIAL BURNER SYSTEMS|61 COPELAND ST|02169,active,,20261007T202810Z,20261007T202838Z,2081877106
biz-157,HURLEY AND DAVID|90 FISK AVE|01107,active,,20261007T202810Z,20261007T202838Z,2116357104
biz-158,HILLIS|555 WOBURN ST|01876,active,,20261007T202810Z,20261007T202838Z,2185457103
biz-159,DJ PLUMBING AND HEATING|67 IPSWICH RD|01921,active,,20261007T202810Z,20261007T202838Z,2226997109
biz-160,CLIMATE HEATING AND COOLING|146 HUBBARD AVE|01201,active,,20261007T202810Z,20261007T202838Z,2447467107;3021818501
biz-161,COASTAL PLUMBING AND HEATING|21 FRUEAN WAY|02664 || COASTAL PLUMBING AND HEATING|299 WHITES PATH|02664,active,,20261007T202810Z,20261007T202838Z,2474797107;2842338306
biz-162,T SULLIVAN MECHANICAL|1102 HANOVER ST|02339,active,,20261007T202810Z,20261007T202838Z,2527607101;6534078307
biz-163,GERVAIS MECHANICAL SERVICES|317 SOUTHBRIDGE ST|01501,active,,20261007T202810Z,20261007T202838Z,2692557103
biz-164,CARL F RIEDELL AND SON|778 MAIN ST|02655,active,,20261007T202810Z,20261007T202838Z,2700037101
biz-165,UNITED APPLIANCE CENTER|422A BOSTON ST|01983,active,,20261007T202810Z,20261007T202838Z,2742417106
biz-166,NORTHEAST MECHANICAL SOLUTIONS|12 COMMERCE RD|01545,active,,20261007T202810Z,20261007T202838Z,2748597104
biz-167,DILLON BOILER SERVICES|380 CRAWFORD ST|01420,active,,20261007T202810Z,20261007T202838Z,2772967108
biz-168,HIM MECHANICAL SYSTEMS|90 1 ST|02324,active,,20261007T202810Z,20261007T202838Z,2792577106;4020038310
biz-169,AIR CONTROL SYSTEMS|19 RANTOULE ST NA|02190 || AIR CONTROL SYSTEMS|19 RANTOULE ST|02190,active,,20261007T202810Z,20261007T202838Z,2552688504;2858177108
biz-170,DIVISION 15 HVAC|300 OAK ST|02359,active,,20261007T202810Z,20261007T202838Z,2860187110
biz-171,SMART|160 2 ST|02150,active,,20261007T202810Z,20261007T202838Z,3040457107
biz-172,TOTAL TEMP|22 CAMBRIDGE ST|02346,active,,20261007T202810Z,20261007T202838Z,3041397104;9184848403
biz-173,A FAGUNDES PLUMBING AND HEATING|225 STEDMAN ST|01851,active,,20261007T202810Z,20261007T202838Z,3103217103
biz-174,HOLDEN MECHANICAL CONTRACTORS|255 BROOKS ST|01606,active,,20261007T202810Z,20261007T202838Z,3188017100;5306178600
biz-175,BRIGGS MECHANICAL|149 CHESTNUT ST|02760,active,,20261007T202810Z,20261007T202838Z,3262377102;3811618505
biz-176,ANANIA PLUMBING AND HEATING|89 W ST 0|02379 || ANANIA PLUMBING AND HEATING|89 W ST|02379,active,,20261007T202810Z,20261007T202838Z,3274577100;9477198304
biz-177,AIR MASTERS HVAC SERVICES OF NE|59 TURNER ST|02720,active,,20261007T202810Z,20261007T202838Z,3355307102
biz-178,PANTON PLUMBING AND HEATING|116 BERNARD ST JEAN DR|02540,active,,20261007T202810Z,20261007T202838Z,3365177104
biz-179,SAGAMORE PLUMBING AND HEATING|75 RESEARCH RD|02043,active,,20261007T202810Z,20261007T202838Z,3375237102;9327498501
biz-180,WINSTON BUILDERS|55 HOPKINTON RD|01581,active,,20261007T202810Z,20261007T202838Z,3572317101
biz-181,COX ENGINEERING|21 PACELLA PARK DR 0|02368 || COX ENGINEERING|21 PACELLA PARK DR|02368,active,,20261007T202810Z,20261007T202838Z,1586448408;3639307104
biz-182,GERVAIS PLUMBING AND HEATING|317 SOUTHBRIDGE ST|01501,active,,20261007T202810Z,20261007T202838Z,3308178300;3751417102
biz-183,ROYAL STEAM HEATER|499 MAIN ST|01440,active,,20261007T202810Z,20261007T202838Z,3754967109
biz-184,MUIRFIELD MECHANICAL SERVICES|60 WILLOW RD|01432,active,,20261007T202810Z,20261007T202838Z,3820437102;6781758405
biz-185,RENAUD HVAC AND CONTROLS|11 JOHN RD|01590,active,,20261007T202810Z,20261007T202838Z,3880177109
biz-186,MECHANICAL AIR CONTROLS|40 ACCORD PARK DR|02061,active,,20261007T202810Z,20261007T202838Z,3921407103;8295638408
biz-187,AMERICAN AIR|1 BOX CAR BLVD|01876,active,,20261007T202810Z,20261007T202838Z,3957957106
biz-188,TECH MECHANICAL SYSTEMS|420 W ST|02379,active,,20261007T202810Z,20261007T202838Z,4084097102
biz-189,ADDARIO|2 GILL ST|01801 || ADDARIO|2J GILL ST|01801,active,,20261007T202810Z,20261007T202838Z,4089277107;8830808305
biz-190,BERRY MECHANICAL SERVICES|3 MILTON WAY|01833,active,,20261007T202810Z,20261007T202838Z,4129907101
biz-191,PIPE CRAFT|125 MAIN ST|01867,active,,20261007T202810Z,20261007T202838Z,4473537107
biz-192,MURPHY SERVICES|34 WHITES PATH|02664,active,,20261007T202810Z,20261007T202838Z,4505357107
biz-193,EDGEWATER PLUMBING AND HEATING|8 OTIS PARK DR|02532,active,,20261007T202810Z,20261007T202838Z,4616057103
biz-194,WILLIAM M COLLINS|105 BAY ST DR 0|02184 || WILLIAM M COLLINS|105 BAY ST DR|02184,active,,20261007T202810Z,20261007T202838Z,4660427104;9577158409
biz-195,RICHMAN|65 LIBERTY ST|02169,active,,20261007T202810Z,20261007T202838Z,4666067104
biz-196,FARINA|24 SPICE ST|02129,active,,20261007T202810Z,20261007T202838Z,4679067103
biz-197,COOLING AND HEATING SPECIALISTS|151 CALIFORNIA ST|02458,active,,20261007T202810Z,20261007T202838Z,4692837103
biz-198,UPTACK PLUMBING AND HEATING|32 ROCHAMBAULT ST|01832,active,,20261007T202810Z,20261007T202838Z,4694137109
biz-199,WJS MECHANICAL|90 WORTHERN PL|01876,active,,20261007T202810Z,20261007T202838Z,1930198405;4718007100
biz-200,ARRELL|36 SPINELLI PL CAMBRIDGE MA 02138 1064|02138 || ARRELL|36 SPINELLI PL|02138,active,,20261007T202810Z,20261007T202838Z,4247718307;4736557105
biz-201,DUCTS|200 RECREATION PARK DR 0|02043 || DUCTS|200 RECREATION PARK DR|02043,active,,20261007T202810Z,20261007T202838Z,3396628510;4894007110
biz-202,AH BURNS|296 WEYMOUTH ST|02370,active,,20261007T202810Z,20261007T202838Z,4954057106;5066008301
biz-203,BEST AUTOMATIC SPRINKLER|77 ELM ST 0|02184 || BEST AUTOMATIC SPRINKLER|77 ELM ST|02184,active,,20261007T202810Z,20261007T202838Z,3927788501;4983157100
biz-204,REIDY HEATING AND COOLING|539 CANAL ST|01040,active,,20261007T202810Z,20261007T202838Z,5045647103
biz-205,CAPE COD MECHANICAL SYSTEMS|8 FRUEAN WAY|02664,active,,20261007T202810Z,20261007T202838Z,5182327108
biz-206,NORTH SHORE MECHANICAL CONTRACTORS|6 GARDEN ST|01923,active,,20261007T202810Z,20261007T202838Z,5189377104
biz-207,MPK ENTERPRISES|15 CRAWFORD ST|02472,active,,20261007T202810Z,20261007T202838Z,5189407100
biz-208,GEORGE S PATEY AND SONS|215 BRIDGE ST|02026,active,,20261007T202810Z,20261007T202838Z,5240137109
biz-209,CORSO PLUMBING AND HEATING|100 HALE ST|01830,active,,20261007T202810Z,20261007T202838Z,5246607109
biz-210,CENTRAL COOLING AND HEATING|9 N MAPLE ST|01801,active,,20261007T202810Z,20261007T202838Z,5280707108
biz-211,MILHARMER ASSOCIATES|534 NEW ST HWY|02767,active,,20261007T202810Z,20261007T202838Z,5284457102
biz-212,LAPAN MECHANICAL CONTRACTORS|3 BETHANY ST|01604,active,,20261007T202810Z,20261007T202838Z,5511497104
biz-213,JOHNS SEWER AND PIPE CLEANING|4 BREED AVE|01801,active,,20261007T202810Z,20261007T202838Z,5611797108
biz-214,PEAK MECHANICAL SERVICES|35 CORPORATE PARK DR|02359,active,,20261007T202810Z,20261007T202838Z,5915747103;7231238304
biz-215,YOUNGBLOOD|32 ASHLAND STEET|01830 || YOUNGBLOOD|32 ASHLAND ST|01830,active,,20261007T202810Z,20261007T202838Z,5211078308;5952397104
biz-216,BJ DOYLE|4 JEWEL DR|01887,active,,20261007T202810Z,20261007T202838Z,6023217107
biz-217,ENVIRONMENTAL SYSTEMS|6 HOWARD IRELAND DR|02703,active,,20261007T202810Z,20261007T202838Z,3636308508;6080557100
biz-218,MERRIMACK VALLEY|15 AEGEAN DR|01844,active,,20261007T202810Z,20261007T202838Z,6195727103
biz-219,PHOENIX MECHANICAL CONTRACTING|197 W CENTRAL ST|01760,active,,20261007T202810Z,20261007T202838Z,6207137101
biz-220,BEANTOWN AC|9 ALDRIN RD|02360,active,,20261007T202810Z,20261007T202838Z,6214487110
biz-221,M AND E MECHANICAL CONTRACTORS|1 ALLEN ST|01108,active,,20261007T202810Z,20261007T202838Z,6216527102
biz-222,LYNCO FIRE PROTECTION|19 GRANT AVE|01803,active,,20261007T202810Z,20261007T202838Z,6237397110;8287498403
biz-223,MERRIMACK VALLEY SYSTEMS|15 AEGEAN DR|01844,active,,20261007T202810Z,20261007T202838Z,1394368610;6299227100
biz-224,JOHN DONOVAN PLUMBING AND HEATING|28 FORGE PKWY|02038,active,,20261007T202810Z,20261007T202838Z,6314777100
biz-225,DUGGAN MECHANICAL SERVICES|136 WILL DR|02021,active,,20261007T202810Z,20261007T202838Z,6365067110
biz-226,CORRECT TEMP|268 HAMPSTEAD ST|01844,active,,20261007T202810Z,20261007T202838Z,6400757101;9904048507
biz-227,RODENHISER HOME SERVICES|325 HOPPING BROOK RD|01746,active,,20261007T202810Z,20261007T202838Z,6540067108
biz-228,ASPINWALL PLUMBING AND HEATING|723 WASHINGTON ST 0|02169 || ASPINWALL PLUMBING AND HEATING|723 WASHINGTON ST|02169,active,,20261007T202810Z,20261007T202838Z,6688547106;8253568402
biz-229,MARCOUX PLUMBING AND HEATING|273 DRACUT ST|01826,active,,20261007T202810Z,20261007T202838Z,6731027110;6929418405
biz-230,COMMONWEALTH PLUMBING|290 WEYMOUTH ST|02370,active,,20261007T202810Z,20261007T202838Z,6636078308;6734627108
biz-231,ASAP DRAINS|405 A ESSEX ST|01970,active,,20261007T202810Z,20261007T202838Z,6755537104
biz-232,TEAM MECHANICAL|820 LIVINGSTON ST|01876,active,,20261007T202810Z,20261007T202838Z,6897567108
biz-233,CRANNEY|24 WATER ST|01923,active,,20261007T202810Z,20261007T202838Z,7016167101
biz-234,PREFERRED CONTRACTORS|223 CENTER ST|02359,active,,20261007T202810Z,20261007T202838Z,7110817102
biz-235,AYOTTE MECHANICAL|108 MIDDLESEX ST 5|01863,active,,20261007T202810Z,20261007T202838Z,7144007104
biz-236,TOM FRICKER COMPLETE HEATING AND COOLING|355 R CHESTNUT ST|02492 || TOM FRICKER COMPLETE HEATING AND COOLING|355R CHESTNUT ST|02492,active,,20261007T202810Z,20261007T202838Z,6361228610;7175767101
biz-237,LUNDY|5 PINECREST RD|02043,active,,20261007T202810Z,20261007T202838Z,5561078406;7418537108
biz-238,TRIANGLE REFRIGERATION AIR CONDITIONING AND PLUMBING|425 PLEASANT ST|02721,active,,20261007T202810Z,20261007T202838Z,7446777107
biz-239,PREFERRED MECHANICAL SERVICES|223 CENTER ST|02359,active,,20261007T202810Z,20261007T202838Z,7626587106
biz-240,BLUE BEAR PLUMBING|100 CORPORATE PARK DR 1740|02359,active,,20261007T202810Z,20261007T202838Z,1006107202
biz-241,PREFERRED AIR|424 B BOSTON ST|01983,active,,20261007T202810Z,20261007T202838Z,1017157201
biz-242,PJ DIONNE|72 JONSPIN RD|01887,active,,20261007T202810Z,20261007T202838Z,1029337204
biz-243,KJ MILLER MECHANICAL|155 S ROW RD|01469,active,,20261007T202810Z,20261007T202838Z,1166967201
biz-244,RUSTIC FIRE PROTECTION|320 W MAIN ST 0|02766 || RUSTIC FIRE PROTECTION|320 W MAIN ST|02766,active,,20261007T202810Z,20261007T202838Z,1182517206;9041638304
biz-245,BAYSIDE MECHANICAL|497 THOMAS B LANDERS RD 0|02536 || BAYSIDE MECHANICAL|497 THOMAS B LANDERS RD|02536,active,,20261007T202810Z,20261007T202838Z,1262307202;9413858302
biz-246,CARL LOUIS|104 VICTORY RD|02122,active,,20261007T202810Z,20261007T202838Z,1310747200;1550928408
biz-247,SEASIDE GAS SERVICE|67 HELMSMAN DR|02675,active,,20261007T202810Z,20261007T202838Z,1986087203
biz-248,NETR|85 FLAGSHIP DR|01845,active,,20261007T202810Z,20261007T202838Z,8027157109
biz-249,ENTERPRISE EQUIPMENT|276 LIBBEY INDUSTRIAL PKWY|02189 || ENTERPRISE EQUIPMENT|276 LIBBEY PKWY|02189,active,,20261007T202810Z,20261007T202838Z,8035767104;8068058400
biz-250,AMERICAN TEST AND BALANCE|335R WASHINGTON ST|02061,active,,20261007T202810Z,20261007T202838Z,8079147108
biz-251,ELMAN PLUMBING|671 SAWMILL BROOK PKWY|02459,active,,20261007T202810Z,20261007T202838Z,8083947104
biz-252,AF VENTOLIERI PLUMBING AND HEATING|PO BOX 520356|02152,active,,20261007T202810Z,20261007T202838Z,8085287100
biz-253,TC TYNDALL AND CLARK PLUMBING AND HEATING|18 ATLANTIC AVE|02660,active,,20261007T202810Z,20261007T202838Z,8095347109
biz-254,MINUS ELEVEN|70 FINNELL DR|02188,active,,20261007T202810Z,20261007T202838Z,8104777101
biz-255,BUDGE IT DRAINS|571 ELM ST|02324,active,,20261007T202810Z,20261007T202838Z,8146947102
biz-256,RP HOLMES|97 BORDER ST|02465,active,,20261007T202810Z,20261007T202838Z,8148187103
biz-257,J AND J HEATING AND AC|17 ARLINGTON ST|01826,active,,20261007T202810Z,20261007T202838Z,8560557109
biz-258,KNEELAND PLUMBING AND HEATING|63 HAMMOND ST|01969,active,,20261007T202810Z,20261007T202838Z,8609347107
biz-259,JERRY DALEY AND SONS PLUMBING AND HEATING|91 TYNGSBORO RD|01863,active,,20261007T202810Z,20261007T202838Z,8609587109
biz-260,ZONE MECHANICAL|160 BEAR HILL RD|02451,active,,20261007T202810Z,20261007T202838Z,7366998306;8612297106
biz-261,MOURADIAN PLUMBING AND HEATING|32 PRENTISS RD|02476,active,,20261007T202810Z,20261007T202838Z,4680708501;8680727106
biz-262,PETER GARABEDIAN PLUMBING|208 AUSTIN ST|01609,active,,20261007T202810Z,20261007T202838Z,8708097110
biz-263,BURNELL CONTROLS|153 ANDOVER ST|01923,active,,20261007T202810Z,20261007T202838Z,8818687100
biz-264,RACEPOINT ENERGY|886 MAIN ST|02655,active,,20261007T202810Z,20261007T202838Z,8900317104
biz-265,RST THERMAL|372 UNIVERSITY AVE 0|02090 || RST THERMAL|372 UNIVERSITY AVE|02090,active,,20261007T202810Z,20261007T202838Z,6614848509;8988617104
biz-266,RENE L COTE SONS|896 MAIN ST|01040,active,,20261007T202810Z,20261007T202838Z,9054057103
biz-267,MACDOUGALL PLUMBING AND MECHANICAL|406 LIBBEY INDUSTRIAL PKWY 0|02189 || MACDOUGALL PLUMBING AND MECHANICAL|406 LIBBEY INDUSTRIAL PKWY|02189,active,,20261007T202810Z,20261007T202838Z,2609448700;9060017109
biz-268,THOMAS J KENNEDY PLUMBING HEATING AND HVAC|1635 BROADWAY|02767,active,,20261007T202810Z,20261007T202838Z,9132807110
biz-269,NORTHSTAR MECHANICAL|95 CAMELOT DR|02360,active,,20261007T202810Z,20261007T202838Z,9179037101
biz-270,CONTROLAIR SYSTEMS|25 RAY AVE|01803,active,,20261007T202810Z,20261007T202838Z,2643138302;9205897106
biz-271,REID MECHANICAL|27 CHARLES ST 3|01845,active,,20261007T202810Z,20261007T202838Z,9326867104
biz-272,WILLWERTH PLUMBING AND HEATING|126 MAIN ST|01864,active,,20261007T202810Z,20261007T202838Z,9768127102
biz-273,ROBIES REFRIGERATION|279 YARMOUTH RD|02601,active,,20261007T202810Z,20261007T202838Z,9990147109
biz-274,ALTERNATIVE CREATIVE ENERGY AND HVAC|55 UNION ST|01504,active,,20261007T202810Z,20261007T202838Z,4116488310;9990767107
biz-275,PREMIER MECHANICAL|220 COMMERCIAL ST|02109,active,,20261007T202810Z,20261007T202838Z,1809568701;2639817208
biz-276,A AND K PLUMBING AND HEATING|64 SHIRLEY AVE|02151,active,,20261007T202810Z,20261007T202838Z,2680687208
biz-277,GENNARI PLUMBING AND HEATING|305 STOCKBRIDGE RD|01230,active,,20261007T202810Z,20261007T202838Z,2904647207;5201058309
biz-278,DF PLUMBING AND MECHANICAL CONTRACTORS|9 STADLER ST|01007,active,,20261007T202810Z,20261007T202838Z,3052877210
biz-279,BRENNAN AND|79 MADALINE LN 148 KATAMA RD EDGRTOWN MA|02568,active,,20261007T202810Z,20261007T202838Z,3112007210
biz-280,NORTHEAST PROCESS SYSTEMS|20 KETTLE COVE LN|01930,active,,20261007T202810Z,20261007T202838Z,3314558510;3497667209
biz-281,NB KENNEY|68 BARNUM RD 0|01434 || NB KENNEY|68 BARNUM RD|01434,active,,20261007T202810Z,20261007T202838Z,3597477208;9641668502
biz-282,UNITED HVAC|333 WEYMOUTH STTREET|02370,active,,20261007T202810Z,20261007T202838Z,3690697209;5392708305
biz-283,BASNETT PLUMBING AND HEATING|438 KING ST|01460,active,,20261007T202810Z,20261007T202838Z,3719387204
biz-284,SUPERIOR PLUMBING|356 UNIVERSITY AVE|02090,active,,20261007T202810Z,20261007T202838Z,3834057205
biz-285,STEVEN HENRIQUES|344 JOHN L DIETSCH BLVD|02763,active,,20261007T202810Z,20261007T202838Z,3927367203
biz-286,OKEEFE PLUMBING AND HEATING|56 PULASKI ST|01960,active,,20261007T202810Z,20261007T202838Z,3944847207
biz-287,CG MECHANICAL|23 BRYANT ST|01801,active,,20261007T202810Z,20261007T202838Z,4033147202
biz-288,MORAN SHEET METAL|613 MEADOW ST|01001,active,,20261007T202810Z,20261007T202838Z,4166767204;4966598304
biz-289,JF PLUMBING|745 E SQUANTUM ST|02171,active,,20261007T202810Z,20261007T202838Z,2309088501;4289747209
biz-290,GEORGE T WILKINSON|405 VFW DR|02370,active,,20261007T202810Z,20261007T202838Z,4295307202
biz-291,MJ MORAN|4 S MAIN ST|01039,active,,20261007T202810Z,20261007T202838Z,4387147210;5999518303
biz-292,STAR PETROLEUM|95 WASHINGTON ST|02035,active,,20261007T202810Z,20261007T202838Z,4424557204
biz-293,LARKIN HATHAWAY|90 1 ST|02324,active,,20261007T202810Z,20261007T202838Z,4471907205
biz-294,INDUSTRIAL PIPING|667 WESTMINSTER ST|01420,active,,20261007T202810Z,20261007T202838Z,4606387202
biz-295,ARAUJO BROTHERS PLUMBING AND HEATING|224 NYES LN|02743,active,,20261007T202810Z,20261007T202838Z,4877797209
biz-296,BREEN AND SULLIVAN MECHANICAL SERVICES|7 HEALY CT|01923,active,,20261007T202810Z,20261007T202838Z,4898567209
biz-297,CHASE PLUMBING|13 ADAMS ST|01803,active,,20261007T202810Z,20261007T202838Z,5262347201
biz-298,GERMAIN PLUMBING AND HEATING|64 WATER ST|02703,active,,20261007T202810Z,20261007T202838Z,2868968501;5451897201
biz-299,MANNYS PLUMBING AND HEATING|47 TENNIS RD|01001,active,,20261007T202810Z,20261007T202838Z,2326668903;5521407201
biz-300,K REGAN MECHANICAL|10 FEDERAL ST|01970,active,,20261007T202810Z,20261007T202838Z,5584917209;7754358402
biz-301,BROUILLETTE HVAC AND SHEET METAL|13 STEVENS ST|02718,active,,20261007T202810Z,20261007T202838Z,5689777200
biz-302,MCL MECHANICAL SERVICES|26 KELSO AVE|01089,active,,20261007T202810Z,20261007T202838Z,5710307205
biz-303,GLOBAL MECHANICAL SERVICES|5 PERKINS WAY|01950,active,,20261007T202810Z,20261007T202838Z,5731767202
biz-304,CLIMATE ENGINEERING|142 BAY RD|02766,active,,20261007T202810Z,20261007T202838Z,5778697202
biz-305,POIRIER AND SPRINGER|17E STERLING RD|01862,active,,20261007T202810Z,20261007T202838Z,5897187205
biz-306,WILLIAM F LYNCH|50 MILLBROOK ST|01606,active,,20261007T202810Z,20261007T202838Z,6048247210
biz-307,PROCESS COOLING SYSTEMS|800 RESEARCH DR|01453,active,,20261007T202810Z,20261007T202838Z,6127407208
biz-308,G AND G FIRE PROTECTION|792 FOUNDRY ST S EASTON MA 02375 1310|02375 || G AND G FIRE PROTECTION|792 FOUNDRY ST|02375,active,,20261007T202810Z,20261007T202838Z,1237698709;6134247206
biz-309,DESIGN FLOW ASSOCIATES|27 LANTERN LN|02338,active,,20261007T202810Z,20261007T202838Z,3871088503;6259227204
biz-310,LISCO|114 POND ST|02771,active,,20261007T202810Z,20261007T202838Z,1039907300
biz-311,APEX|56 CHARLES ST|02351 || APEX|6 CHARLES ST|02351,active,,20261007T202810Z,20261007T202838Z,1200077308;8198398308
biz-312,PAUL FLAHERTY PLUMBING AND HEATING|186 FOUNTAIN ST|01702,active,,20261007T202810Z,20261007T202838Z,1426317300;3515728302
biz-313,FULLIN AND BETTENCOURT PLUMBING AND HEATING|23A N LINE RD|02539,active,,20261007T202810Z,20261007T202838Z,6421717208
biz-314,BARTLETT AND STEADMAN PLUMBING|67 R VILLAGE ST|01945,active,,20261007T202810Z,20261007T202838Z,6479347207
biz-315,RA MECHANICAL|16 LOMAR PARK|01463,active,,20261007T202810Z,20261007T202838Z,6912627210
biz-316,GRINNELL MECHANICAL|21 RAY AVE|01803,active,,20261007T202810Z,20261007T202838Z,7091047209
biz-317,NORTHEAST DISTRIBUTORS|210 ESSEX ST|02382,active,,20261007T202810Z,20261007T202838Z,7177897207
biz-318,BDL HEATING AND COOLING|90 GEORGE LEVEN DR|02760,active,,20261007T202810Z,20261007T202838Z,7361837200
biz-319,SEEKONK HEATING SERVICES|911 TAUNTON AVE|02771,active,,20261007T202810Z,20261007T202838Z,7640797204
biz-320,MORRIS MECHANICAL SALES AND SERVICE|15 PARKER ST|01510 || MORRIS MECHANICAL SALES AND SERVICE|19 PARKER ST|01510,active,,20261007T202810Z,20261007T202838Z,3169388608;7694297202
biz-321,LAKE INDUSTRIES|41 PLEASANT ST|02180,active,,20261007T202810Z,20261007T202838Z,7779327208
biz-322,LAMCO SYSTEMS|4 CUMMINGS RD|01879,active,,20261007T202810Z,20261007T202838Z,7933827204
biz-323,SWAMPSCOTT REFRIGERATION|163 ESSEX ST|01902,active,,20261007T202810Z,20261007T202838Z,8245887201
biz-324,KANNAN AND PRICONE PLUMBING AND HEATING|3 W AYER ST|01844,active,,20261007T202810Z,20261007T202838Z,8377607200
biz-325,EL BARRETT|1147 HANCOCK ST|02169,active,,20261007T202810Z,20261007T202838Z,1424278500;8399847203
biz-326,MCCORMICK ALLUM|165 STAFFORD ST|01101,active,,20261007T202810Z,20261007T202838Z,8580547201
biz-327,MCCLAREN HEATING AND AIR CONDITIONING|22 INDUSTRIAL BLVD|02341,active,,20261007T202810Z,20261007T202838Z,8944207206
biz-328,BRUNO BROTHERS PLUMBING AND HVAC|10 PATRICK AVE|01821,active,,20261007T202810Z,20261007T202838Z,9054447200
biz-329,METRO SWIFT SPRINKLER|58 R PULASKI ST|01960,active,,20261007T202810Z,20261007T202838Z,1496528502;9511317203
biz-330,CHILLER TECHNOLOGY|22 6 ST|01801,active,,20261007T202810Z,20261007T202838Z,9599207209
biz-331,NEW ENGLAND AIR|56 LEONARD ST|02035,active,,20261007T202810Z,20261007T202838Z,1292878805;9658077208
biz-332,GENERAL AIR CONDITIONING HEATING|7 GASTON ST|02121,active,,20261007T202810Z,20261007T202838Z,1971337301;5981588402
biz-333,BARRETT PLUMBING AND HEATING|10 EDGERTON DR|02556,active,,20261007T202810Z,20261007T202838Z,2134687309
biz-334,BEDFORD MECHANICAL|44 N RD|01730,active,,20261007T202810Z,20261007T202838Z,2494227304
biz-335,PAPALIA PLUMBING AND HEATING|1220 LIBERTY SQ RD|01719,active,,20261007T202810Z,20261007T202838Z,2780317308
biz-336,REDSTONE ENERGY|3 DABILIS AVE|01879,active,,20261007T202810Z,20261007T202838Z,2923207308;7876278400
biz-337,MECHANICAL MANAGEMENT|1501 MAIN ST|01876,active,,20261007T202810Z,20261007T202838Z,3018677303
biz-338,CORPORATE MECHANICAL OF NEW ENGLAND|12 WALNUT HILL PARK|01801,active,,20261007T202810Z,20261007T202838Z,3105877302
biz-339,CHARLES M MORAN PLUMBING AND HEATING|54 ALLEN ST|01510,active,,20261007T202810Z,20261007T202838Z,4075507310
biz-340,JUNCTION|588 PLEASANT ST|02062,active,,20261007T202810Z,20261007T202838Z,4109077300
biz-341,SCHLAGER|41 MATHEWSON DR|02189,active,,20261007T202810Z,20261007T202838Z,4145407300
biz-342,AKIAN PLUMBING|181 SCHOOL ST|02472,active,,20261007T202810Z,20261007T202838Z,4651327303
biz-343,SYDNEY SHEET METAL|7 GASTON ST|02121,active,,20261007T202810Z,20261007T202838Z,5085847305
biz-344,UNITED MECHANICAL CONTRACTING|145 NEWTON ST|02453,active,,20261007T202810Z,20261007T202838Z,5403647300
biz-345,DR HOWARD|1 WHITNEY ST|01906,active,,20261007T202810Z,20261007T202838Z,1764848501;5656757307
biz-346,EAST NATIONAL WATER|81 BEECH ST|01069,active,,20261007T202810Z,20261007T202838Z,6303277304;9571888306
biz-347,HARDING AND SMITH|200 MAIN ST|02081,active,,20261007T202810Z,20261007T202838Z,6592097304
biz-348,T DUPRE|1565 MAIN ST|01876,active,,20261007T202810Z,20261007T202838Z,6657197301
biz-349,MAJESTIC MECHANICAL CONTRACTORS|1921R MAIN ST|01876,active,,20261007T202810Z,20261007T202838Z,6711507300
biz-350,PITTSFIELD PIPERS|73 FOURTH ST|01201,active,,20261007T202810Z,20261007T202838Z,6850727307
biz-351,YG SERVICES|21 CENTRAL TER|02466,active,,20261007T202810Z,20261007T202838Z,7827287302
biz-352,BACK BAY MECHANICAL|260 TOASCA DR|02072 || BACK BAY MECHANICAL|260 TOSCA DR|02072,active,,20261007T202810Z,20261007T202838Z,6343728309;7906437308
biz-353,GREEN EARTH ENERGY PHOTOVOLTAIC|208 SHAKER RD|01106,active,,20261007T202810Z,20261007T202838Z,5001977705
biz-354,NICHOLSON PLUMBING HEATING AND AMP AIR CONDIT|71 WHITNEY ST|01746,active,,20261007T202810Z,20261007T202838Z,5142197700
biz-355,WAREHOUSE MECHANICAL CONTRACTORS|342 BRITTON ST|01020,active,,20261007T202810Z,20261007T202838Z,5396787700
biz-356,CARLYSLE ENGINEERING|132 BROOKSIDE AVE|02130,active,,20261007T202810Z,20261007T202838Z,4954058407;5405807707
biz-357,AUTOMATIC TEMPERATURE CONTROL|86 FINNELL DR|02188,active,,20261007T202810Z,20261007T202838Z,5412567705
biz-358,HARRY GRODSKY AND AMP|33 SHAWS LN|01104,active,,20261007T202810Z,20261007T202838Z,5475927703
biz-359,GLOVER SHEET METAL|44 RIVERDALE AVE|02458,active,,20261007T202810Z,20261007T202838Z,5864577709
biz-360,EWS PLUMBING AND HEATING|339 MAIN ST|01057,active,,20261007T202810Z,20261007T202838Z,5013288409;5917547705
biz-361,RMN MECHANICAL|73 MAIN ST|02330,active,,20261007T202810Z,20261007T202838Z,5694338405;5981457707
biz-362,SWEENEY ROGERS GERAGHTY|250 RICHMOND ST|02767,active,,20261007T202810Z,20261007T202838Z,6344707701
biz-363,UNIVERSAL AUTOMATION AND AMP MECHANICAL SERVICES|24 WALPOLE PARK S|02081,active,,20261007T202810Z,20261007T202838Z,6424587702
biz-364,BOSTON COOLING AND AMP HEATING|588 PLEASANT ST|02062,active,,20261007T202810Z,20261007T202838Z,6516617706
biz-365,G AND AMP G MECHANICAL|1 E MELVIN ST|01880,active,,20261007T202810Z,20261007T202838Z,6534547702
biz-366,CARLSON HVAC|251 OLD CONCORD RD|01821,active,,20261007T202810Z,20261007T202838Z,7057737701
biz-367,PERFORMANCE AIR CONDITIONING|52 BROOK RD|02494,active,,20261007T202810Z,20261007T202838Z,3120418603;8092237301
biz-368,BRADY|225 STEDMAN ST|01851,active,,20261007T202810Z,20261007T202838Z,8215427300
biz-369,CLIMATE TECHNOLOGIES INC UNIQUE INDOOR COMFORT|77 ALEXANDER RD 9|01821,active,,20261007T202810Z,20261007T202838Z,8971727705
biz-370,BURNS MECHANICAL|110 REAR COLUMBUS AVE|02451,active,,20261007T202810Z,20261007T202838Z,9182487707
biz-371,CENTRAL SYSTEMS|865 BEDFORD ST|02324,active,,20261007T202810Z,20261007T202838Z,9492647310
biz-372,PERFORMANCE PIPING|52 BROOK RD|02494,active,,20261007T202810Z,20261007T202838Z,5840867708;8894328400
biz-373,AIM PLUMBING AND HEATING|104 COPICUT RD|02702 || AIM PLUMBING AND HEATING|6 COPICUT RD|02702,active,,20261007T202810Z,20261007T202838Z,2731828809;2891407401
biz-374,COMMONWEALTH VENTILATION SYSTEMS|72 SHARP ST|02043,active,,20261007T202810Z,20261007T202838Z,2814278402;5047467406
biz-375,AVILA PLUMBING AND HEATING|112 CROSS ST|01841,active,,20261007T202810Z,20261007T202838Z,6012937410
biz-376,OBIE MECHANICAL SERVICES|82 HERBERT ST|01702,active,,20261007T202810Z,20261007T202838Z,3755457808;4114188310
biz-377,HARWICH PORT HEATING AND COOLING|461 LOWER CO RD|02646,active,,20261007T202810Z,20261007T202838Z,1927518208
biz-378,JD HALL|11 RIVER ST|01949,active,,20261007T202810Z,20261007T202838Z,1137878304
biz-379,PLATINUM FIRE PROTECTION AND SERVICES|237 CEDAR HILL ST|01752,active,,20261007T202810Z,20261007T202838Z,2275418309
biz-380,COTTI JOHNSON HVAC|30 WAVERLY ST|02780,active,,20261007T202810Z,20261007T202838Z,2587208304
biz-381,KARPOUZIS COMMERCIAL REFRIGERATION|875 WAVERLEY ST|01702,active,,20261007T202810Z,20261007T202838Z,2754118310
biz-382,HANLON SHEET METAL CONTRACTORS|28 NASHUA RD|01862,active,,20261007T202810Z,20261007T202838Z,3683718309
biz-383,WARREN ENTERPRISES|271 MILTON ST|02026,active,,20261007T202810Z,20261007T202838Z,3781818308
biz-384,MONAHAN TECHNOLOGIES|525 WOBURN ST|01876,active,,20261007T202810Z,20261007T202838Z,4022178310
biz-385,TCA SOLUTIONS|39 ST ST|01950,active,,20261007T202810Z,20261007T202838Z,4686068304
biz-386,INTERSTATE MECHANICAL SERVUCES|292 PAGE ST|02072,active,,20261007T202810Z,20261007T202838Z,5996538303
biz-387,NELSON MECHANICAL DESIGN|455 ST RD|02568,active,,20261007T202810Z,20261007T202838Z,6307148304
biz-388,MPK ENTERPRISES|225 NEW BOSTON ST|01801,active,,20261007T202810Z,20261007T202838Z,7386378305
biz-389,JSD MECHANICAL|43 SHERIDAN ST|01020,active,,20261007T202810Z,20261007T202838Z,7445548309
biz-390,GUSTAVO PRESTON|23 INDUSTRIAL AVE|01824,active,,20261007T202810Z,20261007T202838Z,3190458403
biz-391,TOWNSEND GROUP|815 WOBURN ST|01887,active,,20261007T202810Z,20261007T202838Z,3391478405
biz-392,DAVID FREDENBURGH|9 STADLER ST|01007,active,,20261007T202810Z,20261007T202838Z,4238848407
biz-393,G AND G MECHANICAL|1 MELVIN ST|01880,active,,20261007T202810Z,20261007T202838Z,6189388402
biz-394,PINNACLE PIPING AND SERVICE|950 DORCHESTER AVE|02125,active,,20261007T202810Z,20261007T202838Z,8060998406
biz-395,CAPAVI USA|271 SALEM ST|01801,active,,20261007T202810Z,20261007T202838Z,8854578400
biz-396,UNIVERSAL AUTOMATION AND MECHANICAL SERVICES|24 WALPOLE PARK S|02081,active,,20261007T202810Z,20261007T202838Z,1538388507
biz-397,BAYSTATE AIR|20 TERRY AVE|01803,active,,20261007T202810Z,20261007T202838Z,1628068509
biz-398,BOSTON STANDARD PLUMBING HEATING AND COOLING|41 HOLLINGSWORTH ST|02126,active,,20261007T202810Z,20261007T202838Z,2614118504
biz-399,JJ SULLIVAN PLUMBING AND HEATING|8 MICRO DR|01801,active,,20261007T202810Z,20261007T202838Z,3961078504
biz-400,WAMBOLT PLUMBING AND HEATING|11 WADSWORTH AVE|02453,active,,20261007T202810Z,20261007T202838Z,5404808505
biz-401,WEST MECHANICAL|1000 TURNPIKE ST|02021,active,,20261007T202810Z,20261007T202838Z,5680118506
biz-402,MAJESTIC MECHANICAL CONTRACTOR|1921 MAIN ST|01876,active,,20261007T202810Z,20261007T202838Z,7352658504
biz-403,DRAIN DOCTOR|612 BROADWAY|02145,active,,20261007T202810Z,20261007T202838Z,8389238505
biz-404,MCDONALD HEATING AIR CONDITIONING AND PLUMBING|200 AUBURN ST|01501,active,,20261007T202810Z,20261007T202838Z,1098948602
biz-405,MPC SERVICES|14 DEBORAH DR|01590,active,,20261007T202810Z,20261007T202838Z,9775298504
biz-406,BEACON PIPING|45 INDUSTRIAL DR|02021,active,,20261007T202810Z,20261007T202838Z,2588778607
biz-407,ULTRA SERVICES|8 COOK ST|01821,active,,20261007T202810Z,20261007T202838Z,2904798605
biz-408,THOMAS J KENNEDY PLUMBING HEATING AND HV|1635 BROADWAY|02767,active,,20261007T202810Z,20261007T202838Z,3302078609
biz-409,REID MECHANICAL CORP RMC|27 CHARLES ST|01845,active,,20261007T202810Z,20261007T202838Z,4306018604
biz-410,MCCORMICK ALLUM|165 STAFFORD ST|01104,active,,20261007T202810Z,20261007T202838Z,5780968609
biz-411,PINNACLE CONSTRUCTION SERVICES|950 DORCHESTER AVE|02125,active,,20261007T202810Z,20261007T202838Z,2412828703
biz-412,EVOLVED MECHANICAL|650 BROADWAY|02148,active,,20261007T202810Z,20261007T202838Z,2946928703
biz-413,MANCINI SHEET METAL|9 INNIS DR|01821,active,,20261007T202810Z,20261007T202838Z,3873758703
biz-414,RANCO ENTERPRISES|100 HICKS AVE|02155,active,,20261007T202810Z,20261007T202838Z,4254658801
biz-415,A AND E FIRE PROTECTION|25 N ST|02021,active,,20261007T202810Z,20261007T202838Z,9038518803
biz-416,US AIR CONDITIONING HEAT|1126 MAIN ST|02190,active,,20261007T202810Z,20261007T202838Z,8109508902
