biz_id,stage,reason,candidate_id,candidate_name,candidate_date,confidence,evidence,url
biz-001,pension,sponsor name or EIN match without corroboration,351987544-001,"CPS, INC.",2024-01-01,low,"sponsor name 'CPS, INC.' matches; sponsor address differs (4611 LISBORN DR. SUITE 100, CARMEL IN 46033)",https://askebsa.dol.gov/FOIA%20Files/2024/Latest/F_5500_SF_2024_Latest.zip
biz-001,pension,sponsor name or EIN match without corroboration,351987544-002,"CPS, INC.",2024-01-01,low,"sponsor name 'CPS, INC.' matches; sponsor address differs (4611 LISBORN DRIVE, CARMEL IN 46033)",https://askebsa.dol.gov/FOIA%20Files/2024/Latest/F_5500_SF_2024_Latest.zip
biz-001,pension,sponsor name or EIN match without corroboration,450351556-002,CPS LTD,2024-01-01,low,"sponsor name 'CPS LTD' matches; sponsor address differs (308 2ND AVE N # 101, GRAND FORKS ND 582033732)",https://askebsa.dol.gov/FOIA%20Files/2024/Latest/F_5500_SF_2024_Latest.zip
biz-001,pension,sponsor name or EIN match without corroboration,450351556-002,"CPS, LTD",2025-01-01,low,"sponsor name 'CPS, LTD' matches; sponsor address differs (308 2ND AVE N # 101, GRAND FORKS ND 582033732)",https://askebsa.dol.gov/FOIA%20Files/2025/Latest/F_5500_SF_2025_Latest.zip
biz-001,pension,sponsor name or EIN match without corroboration,860745045-001,"CPS, INC.",2024-01-01,low,"sponsor name 'CPS, INC.' matches; sponsor address differs (645 E MISSOURI AVE, #119, PHOENIX AZ 85012)",https://askebsa.dol.gov/FOIA%20Files/2024/Latest/F_5500_2024_Latest.zip
biz-004,pension,sponsor name or EIN match without corroboration,203539922-001,"TC CONTROLS & SERVICES, INC.",2024-01-01,low,"sponsor name 'TC CONTROLS & SERVICES, INC.' matches; sponsor address differs (80 LEICESTER STREET, OXFORD MA 01537)",https://askebsa.dol.gov/FOIA%20Files/2024/Latest/F_5500_SF_2024_Latest.zip
biz-004,pension,sponsor name or EIN match without corroboration,203539922-001,"TC CONTROLS & SERVICES, INC.",2025-01-01,low,"sponsor name 'TC CONTROLS & SERVICES, INC.' matches; sponsor address differs (80 LEICESTER STREET, OXFORD MA 01537)",https://askebsa.dol.gov/FOIA%20Files/2025/Latest/F_5500_SF_2025_Latest.zip
biz-011,pension,sponsor name or EIN match without corroboration,561479670-001,"ALLIED FIRE PROTECTION, INC.",2024-01-01,low,"sponsor name 'ALLIED FIRE PROTECTION, INC.' matches; sponsor address differs (PO BOX 27075, RALEIGH NC 27611)",https://askebsa.dol.gov/FOIA%20Files/2024/Latest/F_5500_SF_2024_Latest.zip
biz-011,pension,sponsor name or EIN match without corroboration,561479670-001,"ALLIED FIRE PROTECTION, INC.",2025-01-01,low,"sponsor name 'ALLIED FIRE PROTECTION, INC.' matches; sponsor address differs (PO BOX 27075, RALEIGH NC 27611)",https://askebsa.dol.gov/FOIA%20Files/2025/Latest/F_5500_SF_2025_Latest.zip
biz-011,pension,sponsor name or EIN match without corroboration,760560731-002,"ALLIED FIRE PROTECTION, LP",2024-01-01,low,"sponsor name 'ALLIED FIRE PROTECTION, LP' matches; sponsor address differs (2003 MYKAWA ROAD, PEARLAND TX 77581)",https://askebsa.dol.gov/FOIA%20Files/2024/Latest/F_5500_2024_Latest.zip
biz-011,pension,sponsor name or EIN match without corroboration,861044361-001,"ALLIED FIRE PROTECTION, INC.",2024-01-01,low,"sponsor name 'ALLIED FIRE PROTECTION, INC.' matches; sponsor address differs (2845 N. NORFOLK, MESA AZ 85215)",https://askebsa.dol.gov/FOIA%20Files/2024/Latest/F_5500_SF_2024_Latest.zip
biz-011,pension,sponsor name or EIN match without corroboration,861044361-001,"ALLIED FIRE PROTECTION, INC.",2025-01-01,low,"sponsor name 'ALLIED FIRE PROTECTION, INC.' matches; sponsor address differs (3033 N. NORFOLK, MESA AZ 85215)",https://askebsa.dol.gov/FOIA%20Files/2025/Latest/F_5500_SF_2025_Latest.zip
biz-011,pension,sponsor name or EIN match without corroboration,941665896-001,ALLIED FIRE PROTECTION,2024-01-01,low,"sponsor name 'ALLIED FIRE PROTECTION' matches; sponsor address differs (555 HIGH STREET, OAKLAND CA 94601)",https://askebsa.dol.gov/FOIA%20Files/2024/Latest/F_5500_SF_2024_Latest.zip
biz-011,pension,sponsor name or EIN match without corroboration,941665896-001,ALLIED FIRE PROTECTION,2025-01-01,low,"sponsor name 'ALLIED FIRE PROTECTION' matches; sponsor address differs (555 HIGH STREET, OAKLAND CA 94601)",https://askebsa.dol.gov/FOIA%20Files/2025/Latest/F_5500_SF_2025_Latest.zip
biz-013,pension,sponsor name or EIN match without corroboration,260306414-001,"N&T MECHANICAL CONTRACTOR'S, INC.",2024-01-01,low,"sponsor name 'N&T MECHANICAL CONTRACTOR'S, INC.' matches; sponsor address differs (180 STONE STREET, CLINTON MA 01510)",https://askebsa.dol.gov/FOIA%20Files/2024/Latest/F_5500_SF_2024_Latest.zip
biz-013,pension,sponsor name or EIN match without corroboration,260306414-001,"N&T MECHANICAL CONTRACTOR'S, INC",2025-01-01,low,"sponsor name 'N&T MECHANICAL CONTRACTOR'S, INC' matches; sponsor address differs (86 LEOMINSTER RD. SUITE 1, STERLING MA 01564)",https://askebsa.dol.gov/FOIA%20Files/2025/Latest/F_5500_SF_2025_Latest.zip
biz-016,pension,sponsor name or EIN match without corroboration,852621302-001,"ALL CLEAR PLUMBING, LLC",2024-01-01,low,"sponsor name 'ALL CLEAR PLUMBING, LLC' matches; sponsor address differs (1033 CASTAWAY ISLAND RD, ECLECTIC AL 36024)",https://askebsa.dol.gov/FOIA%20Files/2024/Latest/F_5500_SF_2024_Latest.zip
biz-016,pension,sponsor name or EIN match without corroboration,852621302-001,"ALL CLEAR PLUMBING, LLC",2025-01-01,low,"sponsor name 'ALL CLEAR PLUMBING, LLC' matches; sponsor address differs (1033 CASTAWAY ISLAND RD, ECLECTIC AL 36024)",https://askebsa.dol.gov/FOIA%20Files/2025/Latest/F_5500_SF_2025_Latest.zip
biz-017,pension,sponsor name or EIN match without corroboration,571193326-001,"COMPLETE COMFORT SYSTEMS, INC.",2024-01-01,low,"sponsor name 'COMPLETE COMFORT SYSTEMS, INC.' matches; sponsor address differs (11301 UPPER GILCHRIST ROAD, MT. VERNON OH 43050)",https://askebsa.dol.gov/FOIA%20Files/2024/Latest/F_5500_SF_2024_Latest.zip
biz-017,pension,sponsor name or EIN match without corroboration,571193326-001,"COMPLETE COMFORT SYSTEMS, INC.",2025-01-01,low,"sponsor name 'COMPLETE COMFORT SYSTEMS, INC.' matches; sponsor address differs (11301 UPPER GILCHRIST ROAD, MT. VERNON OH 43050)",https://askebsa.dol.gov/FOIA%20Files/2025/Latest/F_5500_SF_2025_Latest.zip
biz-028,pension,sponsor name or EIN match without corroboration,200965681-001,GRAY COMPANY,2024-01-01,low,"sponsor name 'GRAY COMPANY' matches; sponsor address differs (300 OZARK TRAILS DR STE 210, ELLISVILLE MO 63011)",https://askebsa.dol.gov/FOIA%20Files/2024/Latest/F_5500_SF_2024_Latest.zip
biz-028,pension,sponsor name or EIN match without corroboration,200965681-001,GRAY COMPANY,2025-01-01,low,"sponsor name 'GRAY COMPANY' matches; sponsor address differs (300 OZARK TRAILS DR STE 210, ELLISVILLE MO 63011)",https://askebsa.dol.gov/FOIA%20Files/2025/Latest/F_5500_SF_2025_Latest.zip
biz-028,pension,sponsor name or EIN match without corroboration,351983887-001,"GRAY COMPANY, INC.",2024-01-01,low,"sponsor name 'GRAY COMPANY, INC.' matches; sponsor address differs (1233 EAST 400 NORTH, ALBION IN 46701)",https://askebsa.dol.gov/FOIA%20Files/2024/Latest/F_5500_SF_2024_Latest.zip
biz-028,pension,sponsor name or EIN match without corroboration,351983887-001,"GRAY COMPANY, INC.",2025-01-01,low,"sponsor name 'GRAY COMPANY, INC.' matches; sponsor address differs (1233 EAST 400 NORTH, ALBION IN 46701)",https://askebsa.dol.gov/FOIA%20Files/2025/Latest/F_5500_SF_2025_Latest.zip
biz-028,pension,sponsor name or EIN match without corroboration,394658044-001,GRAY CORP.,2025-10-30,low,"sponsor name 'GRAY CORP.' matches; sponsor address differs (3172 SWEETGRASS PKWY, DACONO CO 80514)",https://askebsa.dol.gov/FOIA%20Files/2025/Latest/F_5500_2025_Latest.zip
biz-028,pension,sponsor name or EIN match without corroboration,610990547-002,"GRAY, INC.",2024-01-01,low,"sponsor name 'GRAY, INC.' matches; sponsor address differs (10 QUALITY STREET, LEXINGTON KY 405071443)",https://askebsa.dol.gov/FOIA%20Files/2024/Latest/F_5500_2024_Latest.zip
biz-038,pension,sponsor name or EIN match without corroboration,202136146-001,"EXCEL MECHANICAL, INC",2024-01-01,low,"sponsor name 'EXCEL MECHANICAL, INC' matches; sponsor address differs (2392 40TH STREET SW, WAVERLY MN 55390)",https://askebsa.dol.gov/FOIA%20Files/2024/Latest/F_5500_SF_2024_Latest.zip
biz-038,pension,sponsor name or EIN match without corroboration,202136146-001,"EXCEL MECHANICAL, INC",2025-01-01,low,"sponsor name 'EXCEL MECHANICAL, INC' matches; sponsor address differs (2392 40TH STREET SW, WAVERLY MN 55390)",https://askebsa.dol.gov/FOIA%20Files/2025/Latest/F_5500_SF_2025_Latest.zip
biz-038,pension,sponsor name or EIN match without corroboration,860544922-001,EXCEL MECHANICAL INC,2024-01-01,low,"sponsor name 'EXCEL MECHANICAL INC' matches; sponsor address differs (3565 E GOLF LINKS RD, TUCSON AZ 857135318)",https://askebsa.dol.gov/FOIA%20Files/2024/Latest/F_5500_SF_2024_Latest.zip
biz-038,pension,sponsor name or EIN match without corroboration,860544922-001,"EXCEL MECHANICAL, INC.",2025-01-01,low,"sponsor name 'EXCEL MECHANICAL, INC.' matches; sponsor address differs (3565 E GOLF LINKS RD, TUCSON AZ 857135318)",https://askebsa.dol.gov/FOIA%20Files/2024/Latest/F_5500_SF_2024_Latest.zip
biz-043,pension,sponsor name or EIN match without corroboration,203275344-001,"LC MECHANICAL, INC.",2021-01-01,low,"sponsor name 'LC MECHANICAL, INC.' matches; sponsor address differs (P.O. BOX 275, FALL RIVER MA 02724)",https://askebsa.dol.gov/FOIA%20Files/2024/Latest/F_5500_SF_2024_Latest.zip
biz-043,pension,sponsor name or EIN match without corroboration,203275344-001,"LC MECHANICAL, INC.",2024-01-01,low,"sponsor name 'LC MECHANICAL, INC.' matches; sponsor address differs (P.O. BOX 275, FALL RIVER MA 02724)",https://askebsa.dol.gov/FOIA%20Files/2024/Latest/F_5500_SF_2024_Latest.zip
biz-043,pension,sponsor name or EIN match without corroboration,203275344-001,"LC MECHANICAL, INC.",2025-01-01,low,"sponsor name 'LC MECHANICAL, INC.' matches; sponsor address differs (P.O. BOX 275, FALL RIVER MA 02724)",https://askebsa.dol.gov/FOIA%20Files/2025/Latest/F_5500_SF_2025_Latest.zip
biz-053,pension,sponsor name or EIN match without corroboration,042451003-001,"MAGUIRE COMPANY, INC.",2024-01-01,low,"sponsor name 'MAGUIRE COMPANY, INC.' matches; sponsor address differs (254 ADAMS STREET, NEWTON MA 02158)",https://askebsa.dol.gov/FOIA%20Files/2024/Latest/F_5500_SF_2024_Latest.zip
biz-053,pension,sponsor name or EIN match without corroboration,042451003-001,"MAGUIRE COMPANY, INC.",2025-01-01,low,"sponsor name 'MAGUIRE COMPANY, INC.' matches; sponsor address differs (254 ADAMS STREET, NEWTON MA 02158)",https://askebsa.dol.gov/FOIA%20Files/2025/Latest/F_5500_SF_2025_Latest.zip
biz-053,pension,sponsor name or EIN match without corroboration,042451003-002,"MAGUIRE COMPANY, INC.",2024-01-01,low,"sponsor name 'MAGUIRE COMPANY, INC.' matches; sponsor address differs (254 ADAMS STREET, NEWTON MA 02158)",https://askebsa.dol.gov/FOIA%20Files/2024/Latest/F_5500_SF_2024_Latest.zip
biz-053,pension,sponsor name or EIN match without corroboration,042451003-002,"MAGUIRE COMPANY, INC.",2025-01-01,low,"sponsor name 'MAGUIRE COMPANY, INC.' matches; sponsor address differs (254 ADAMS STREET, NEWTON MA 02158)",https://askebsa.dol.gov/FOIA%20Files/2025/Latest/F_5500_SF_2025_Latest.zip
biz-056,pension,sponsor name or EIN match without corroboration,200258591-001,"PIPING SYSTEMS, INC",2024-01-01,low,"sponsor name 'PIPING SYSTEMS, INC' matches; sponsor address differs (9642 24TH BAY STREET, NORFOLK VA 23518)",https://askebsa.dol.gov/FOIA%20Files/2024/Latest/F_5500_SF_2024_Latest.zip
biz-056,pension,sponsor name or EIN match without corroboration,208668417-002,PIPING SYSTEMS INC.,2024-01-01,low,"sponsor name 'PIPING SYSTEMS INC.' matches; sponsor address differs (719 INDUSTRIAL PARK AVE, HORTONVILLE WI 54944)",https://askebsa.dol.gov/FOIA%20Files/2024/Latest/F_5500_SF_2024_Latest.zip
biz-056,pension,sponsor name or EIN match without corroboration,208668417-002,PIPING SYSTEMS INC.,2025-01-01,low,"sponsor name 'PIPING SYSTEMS INC.' matches; sponsor address differs (719 INDUSTRIAL PARK AVE, HORTONVILLE WI 54944)",https://askebsa.dol.gov/FOIA%20Files/2025/Latest/F_5500_SF_2025_Latest.zip
biz-058,pension,sponsor name or EIN match without corroboration,050478776-001,AMERICAN PLUMBING & HEATING INC.,2024-01-01,low,"sponsor name 'AMERICAN PLUMBING & HEATING INC.' matches; sponsor address differs (1793 SMITH STREET, NORTH PROVIDENCE RI 02911)",https://askebsa.dol.gov/FOIA%20Files/2024/Latest/F_5500_SF_2024_Latest.zip
biz-064,pension,sponsor name or EIN match without corroboration,043333667-001,"NEW ENGLAND COOLING TOWERS, INC.",2024-01-01,low,"sponsor name 'NEW ENGLAND COOLING TOWERS, INC.' matches; sponsor address differs (69 WESTECH PARK DRIVE, TYNGSBORO MA 01886)",https://askebsa.dol.gov/FOIA%20Files/2024/Latest/F_5500_SF_2024_Latest.zip
biz-064,pension,sponsor name or EIN match without corroboration,043333667-001,"NEW ENGLAND COOLING TOWERS, INC.",2025-01-01,low,"sponsor name 'NEW ENGLAND COOLING TOWERS, INC.' matches; sponsor address differs (69 WESTECH PARK DRIVE, TYNGSBORO MA 01886)",https://askebsa.dol.gov/FOIA%20Files/2025/Latest/F_5500_SF_2025_Latest.zip
biz-074,pension,sponsor name or EIN match without corroboration,042897459-001,POWDERLY & SONS PLUMBING & HEATING,2024-01-01,low,"sponsor name 'POWDERLY & SONS PLUMBING & HEATING' matches; sponsor address differs (PO BOX 235, NUTTING LAKE MA 01865)",https://askebsa.dol.gov/FOIA%20Files/2024/Latest/F_5500_SF_2024_Latest.zip
biz-074,pension,sponsor name or EIN match without corroboration,042897459-001,POWDERLY & SONS PLUMBING & HEATING,2025-01-01,low,"sponsor name 'POWDERLY & SONS PLUMBING & HEATING' matches; sponsor address differs (PO BOX 235, NUTTING LAKE MA 01865)",https://askebsa.dol.gov/FOIA%20Files/2025/Latest/F_5500_SF_2025_Latest.zip
biz-075,pension,sponsor name or EIN match without corroboration,043426133-001,THERMO-DYNAMICS INTERNATIONAL,2024-01-01,low,"sponsor name 'THERMO-DYNAMICS INTERNATIONAL' matches; sponsor address differs (200 CHICKERING ROAD UNIT 107B, NORTH ANDOVER MA 018451077)",https://askebsa.dol.gov/FOIA%20Files/2024/Latest/F_5500_SF_2024_Latest.zip
biz-075,pension,sponsor name or EIN match without corroboration,043426133-001,THERMO-DYNAMICS INTERNATIONAL,2025-01-01,low,"sponsor name 'THERMO-DYNAMICS INTERNATIONAL' matches; sponsor address differs (200 CHICKERING ROAD UNIT 107B, NORTH ANDOVER MA 01845)",https://askebsa.dol.gov/FOIA%20Files/2025/Latest/F_5500_SF_2025_Latest.zip
biz-081,pension,sponsor name or EIN match without corroboration,043049276-002,"DRY AIR SYSTEMS, INC.",2024-01-01,low,"sponsor name 'DRY AIR SYSTEMS, INC.' matches; sponsor address differs (3 STANLEY TUCKER DR, NEWBURYPORT MA 01950)",https://askebsa.dol.gov/FOIA%20Files/2024/Latest/F_5500_SF_2024_Latest.zip
biz-081,pension,sponsor name or EIN match without corroboration,043049276-002,"DRY AIR SYSTEMS, INC.",2025-01-01,low,"sponsor name 'DRY AIR SYSTEMS, INC.' matches; sponsor address differs (3 STANLEY TUCKER DR, NEWBURYPORT MA 01950)",https://askebsa.dol.gov/FOIA%20Files/2025/Latest/F_5500_SF_2025_Latest.zip
biz-082,pension,sponsor name or EIN match without corroboration,200144625-001,"DESIGN MECHANICAL, INC.",2024-01-01,low,"sponsor name 'DESIGN MECHANICAL, INC.' matches; sponsor address differs (PO BOX 7190, SHAWNEE MISSION KS 66207)",https://askebsa.dol.gov/FOIA%20Files/2024/Latest/F_5500_SF_2024_Latest.zip
biz-082,pension,sponsor name or EIN match without corroboration,200144625-001,"DESIGN MECHANICAL, INC.",2025-01-01,low,"sponsor name 'DESIGN MECHANICAL, INC.' matches; sponsor address differs (100 GREYSTONE AVE., KANSAS CITY KS 66103)",https://askebsa.dol.gov/FOIA%20Files/2025/Latest/F_5500_SF_2025_Latest.zip
biz-082,pension,sponsor name or EIN match without corroboration,200144625-002,"DESIGN MECHANICAL, INC.",2024-01-01,low,"sponsor name 'DESIGN MECHANICAL, INC.' matches; sponsor address differs (100 GREYSTONE AVENUE, KANSAS CITY KS 66103)",https://askebsa.dol.gov/FOIA%20Files/2024/Latest/F_5500_2024_Latest.zip
biz-082,pension,sponsor name or EIN match without corroboration,371396511-001,"DESIGN MECHANICAL, INC.",2024-01-01,low,"sponsor name 'DESIGN MECHANICAL, INC.' matches; sponsor address differs (126 NORTH 30TH, STE 101, QUINCY IL 62301)",https://askebsa.dol.gov/FOIA%20Files/2024/Latest/F_5500_SF_2024_Latest.zip
biz-087,pension,sponsor name or EIN match without corroboration,871982981-001,READY ROOTER,2025-01-01,low,"sponsor name 'READY ROOTER' matches; sponsor address differs (13222 SE 30TH ST STE A1, BELLEVUE WA 98005)",https://askebsa.dol.gov/FOIA%20Files/2025/Latest/F_5500_SF_2025_Latest.zip
biz-095,pension,sponsor name or EIN match without corroboration,042539594-001,P.H. MECHANICAL,2024-01-01,low,"sponsor name 'P.H. MECHANICAL' matches; sponsor address differs (251 REVERE STREET, CANTON MA 02021)",https://askebsa.dol.gov/FOIA%20Files/2024/Latest/F_5500_SF_2024_Latest.zip
biz-095,pension,sponsor name or EIN match without corroboration,042539594-001,P.H. MECHANICAL CORP.,2025-01-01,low,"sponsor name 'P.H. MECHANICAL CORP.' matches; sponsor address differs (251 REVERE STREET, CANTON MA 02021)",https://askebsa.dol.gov/FOIA%20Files/2025/Latest/F_5500_SF_2025_Latest.zip
biz-101,pension,sponsor name or EIN match without corroboration,043281394-001,SS SERVICE CORP.,2024-01-01,low,"sponsor name 'SS SERVICE CORP.' matches; sponsor address differs (450 RICHMOND ST, RAYNHAM MA 02767)",https://askebsa.dol.gov/FOIA%20Files/2024/Latest/F_5500_SF_2024_Latest.zip
biz-101,pension,sponsor name or EIN match without corroboration,043281394-001,SS SERVICE CORP.,2025-01-01,low,"sponsor name 'SS SERVICE CORP.' matches; sponsor address differs (450 RICHMOND ST, RAYNHAM MA 02767)",https://askebsa.dol.gov/FOIA%20Files/2025/Latest/F_5500_SF_2025_Latest.zip
biz-122,pension,sponsor name or EIN match without corroboration,042255227-001,"J.J. SULLIVAN PLUMBING AND HEATING CO., INC.",2024-01-01,low,"sponsor name 'J.J. SULLIVAN PLUMBING AND HEATING CO., INC.' matches; sponsor address differs (8 MICRO DRIVE, WOBURN MA 01801)",https://askebsa.dol.gov/FOIA%20Files/2024/Latest/F_5500_SF_2024_Latest.zip
biz-122,pension,sponsor name or EIN match without corroboration,042255227-001,"J.J. SULLIVAN PLUMBING AND HEATING CO., INC.",2025-01-01,low,"sponsor name 'J.J. SULLIVAN PLUMBING AND HEATING CO., INC.' matches; sponsor address differs (8 MICRO DRIVE, WOBURN MA 01801)",https://askebsa.dol.gov/FOIA%20Files/2025/Latest/F_5500_SF_2025_Latest.zip
biz-124,pension,sponsor name or EIN match without corroboration,233011499-001,B & B MECHANICAL SERVICES,2024-01-01,low,"sponsor name 'B & B MECHANICAL SERVICES' matches; sponsor address differs (1410 ELKINS AVE, LEVITTOWN PA 190575012)",https://askebsa.dol.gov/FOIA%20Files/2024/Latest/F_5500_SF_2024_Latest.zip
biz-124,pension,sponsor name or EIN match without corroboration,233011499-001,B & B MECHANICAL SERVICES,2025-01-01,low,"sponsor name 'B & B MECHANICAL SERVICES' matches; sponsor address differs (1410 ELKINS AVE, LEVITTOWN PA 190575012)",https://askebsa.dol.gov/FOIA%20Files/2025/Latest/F_5500_SF_2025_Latest.zip
biz-124,pension,sponsor name or EIN match without corroboration,271337254-001,"B&B MECHANICAL SERVICES, INC.",2024-01-01,low,"sponsor name 'B&B MECHANICAL SERVICES, INC.' matches; sponsor address differs (1040 SERPENTINE LD STE 202, PLEASANTON CA 94566)",https://askebsa.dol.gov/FOIA%20Files/2024/Latest/F_5500_SF_2024_Latest.zip
biz-124,pension,sponsor name or EIN match without corroboration,271337254-001,"B&B MECHANICAL SERVICES, INC.",2025-01-01,low,"sponsor name 'B&B MECHANICAL SERVICES, INC.' matches; sponsor address differs (1040 SERPENTINE LD STE 202, PLEASANTON CA 94566)",https://askebsa.dol.gov/FOIA%20Files/2025/Latest/F_5500_SF_2025_Latest.zip
biz-124,pension,sponsor name or EIN match without corroboration,352190704-001,"B&B MECHANICAL SERVICES, INC.",2024-01-01,low,"sponsor name 'B&B MECHANICAL SERVICES, INC.' matches; sponsor address differs (8E INDUSTRIAL WAY, SALEM NH 03079)",https://askebsa.dol.gov/FOIA%20Files/2024/Latest/F_5500_SF_2024_Latest.zip
biz-124,pension,sponsor name or EIN match without corroboration,352190704-001,"B&B MECHANICAL SERVICES, INC.",2025-01-01,low,"sponsor name 'B&B MECHANICAL SERVICES, INC.' matches; sponsor address differs (8E INDUSTRIAL WAY, SALEM NH 03079)",https://askebsa.dol.gov/FOIA%20Files/2025/Latest/F_5500_SF_2025_Latest.zip
biz-146,pension,sponsor name or EIN match without corroboration,854033756-001,DIAMOND MECHANICAL INC.,2024-01-01,low,"sponsor name 'DIAMOND MECHANICAL INC.' matches; sponsor address differs (16301 PALM BEACH BLVD., ALVA FL 33920)",https://askebsa.dol.gov/FOIA%20Files/2024/Latest/F_5500_SF_2024_Latest.zip
biz-146,pension,sponsor name or EIN match without corroboration,854033756-001,DIAMOND MECHANICAL INC.,2025-01-01,low,"sponsor name 'DIAMOND MECHANICAL INC.' matches; sponsor address differs (16301 PALM BEACH BLVD., ALVA FL 33920)",https://askebsa.dol.gov/FOIA%20Files/2025/Latest/F_5500_SF_2025_Latest.zip
biz-147,pension,sponsor name or EIN match without corroboration,043056236-001,"THOMAS E. SNOWDEN, INC.",2024-01-01,low,"sponsor name 'THOMAS E. SNOWDEN, INC.' matches; sponsor address differs (177 N. MAIN STREET, MIDDLETON MA 01949)",https://askebsa.dol.gov/FOIA%20Files/2024/Latest/F_5500_SF_2024_Latest.zip
biz-147,pension,sponsor name or EIN match without corroboration,043056236-001,"THOMAS E. SNOWDEN, INC.",2025-01-01,low,"sponsor name 'THOMAS E. SNOWDEN, INC.' matches; sponsor address differs (177 N. MAIN STREET, MIDDLETON MA 01949)",https://askebsa.dol.gov/FOIA%20Files/2025/Latest/F_5500_SF_2025_Latest.zip
biz-152,pension,sponsor name or EIN match without corroboration,475539698-001,"SOLAR ON EARTH, INC.",2024-01-01,low,"sponsor name 'SOLAR ON EARTH, INC.' matches; sponsor address differs (35 NAGOG PARK, ACTON MA 01720)",https://askebsa.dol.gov/FOIA%20Files/2024/Latest/F_5500_SF_2024_Latest.zip
biz-152,pension,sponsor name or EIN match without corroboration,475539698-001,"SOLAR ON EARTH, INC.",2025-01-01,low,"sponsor name 'SOLAR ON EARTH, INC.' matches; sponsor address differs (35 NAGOG PARK, ACTON MA 01720)",https://askebsa.dol.gov/FOIA%20Files/2025/Latest/F_5500_SF_2025_Latest.zip
biz-153,pension,sponsor name or EIN match without corroboration,043027952-002,"ADVANCE AIR & HEAT CO., INC.",2024-11-01,low,"sponsor name 'ADVANCE AIR & HEAT CO., INC.' matches; sponsor address differs (21 BARNABAS RD, MARION MA 02738)",https://askebsa.dol.gov/FOIA%20Files/2024/Latest/F_5500_SF_2024_Latest.zip
biz-154,pension,sponsor name or EIN match without corroboration,261125001-001,"HCK HOLDINGS, INC.",2024-01-01,low,"sponsor name 'HCK HOLDINGS, INC.' / DBA 'FOUR SEASONS HEATING & COOLING' matches; sponsor address differs (411 LIVE OAK, BEAUFORT NC 28516)",https://askebsa.dol.gov/FOIA%20Files/2024/Latest/F_5500_2024_Latest.zip
biz-154,pension,sponsor name or EIN match without corroboration,462566713-001,"FOUR SEASONS HEATING AND COOLING, INC.",2024-01-01,low,"sponsor name 'FOUR SEASONS HEATING AND COOLING, INC.' matches; sponsor address differs (2747 SHERWIN AVE, VENTURA CA 93003)",https://askebsa.dol.gov/FOIA%20Files/2024/Latest/F_5500_SF_2024_Latest.zip
biz-154,pension,sponsor name or EIN match without corroboration,462566713-001,"FOUR SEASONS HEATING AND COOLING, INC.",2025-01-01,low,"sponsor name 'FOUR SEASONS HEATING AND COOLING, INC.' matches; sponsor address differs (2747 SHERWIN AVE, VENTURA CA 93003)",https://askebsa.dol.gov/FOIA%20Files/2025/Latest/F_5500_SF_2025_Latest.zip
biz-154,pension,sponsor name or EIN match without corroboration,611141911-001,FOUR SEASONS HEATING & COOLING,2025-07-01,low,"sponsor name 'FOUR SEASONS HEATING & COOLING' matches; sponsor address differs (1722 TRIPLETT ST, OWENSBORO KY 42303)",https://askebsa.dol.gov/FOIA%20Files/2025/Latest/F_5500_SF_2025_Latest.zip
biz-169,pension,sponsor name or EIN match without corroboration,330491402-001,"AIR CONTROL SYSTEMS, INC.",2024-01-01,low,"sponsor name 'AIR CONTROL SYSTEMS, INC.' matches; sponsor address differs (1940 SOUTH GROVE AVE., ONTARIO CA 91761)",https://askebsa.dol.gov/FOIA%20Files/2024/Latest/F_5500_2024_Latest.zip
biz-169,pension,sponsor name or EIN match without corroboration,330491402-001,"AIR CONTROL SYSTEMS, INC.",2025-01-01,low,"sponsor name 'AIR CONTROL SYSTEMS, INC.' matches; sponsor address differs (1940 SOUTH GROVE AVE., ONTARIO CA 91761)",https://askebsa.dol.gov/FOIA%20Files/2025/Latest/F_5500_2025_Latest.zip
biz-169,pension,sponsor name or EIN match without corroboration,582440264-001,"AIR CONTROL SYSTEMS, LLC",2024-01-01,low,"sponsor name 'AIR CONTROL SYSTEMS, LLC' matches; sponsor address differs (36 PERSIMMON ST., BLUFFTON SC 29910)",https://askebsa.dol.gov/FOIA%20Files/2024/Latest/F_5500_SF_2024_Latest.zip
biz-169,pension,sponsor name or EIN match without corroboration,582440264-001,"AIR CONTROL SYSTEMS, LLC",2025-01-01,low,"sponsor name 'AIR CONTROL SYSTEMS, LLC' matches; sponsor address differs (36 PERSIMMON ST., BLUFFTON SC 29910)",https://askebsa.dol.gov/FOIA%20Files/2025/Latest/F_5500_SF_2025_Latest.zip
biz-171,pension,sponsor name or EIN match without corroboration,043685662-001,"SMART CORPORATION, INC.",2024-01-01,low,"sponsor name 'SMART CORPORATION, INC.' matches; sponsor address differs (1122 SWENSON BLVD., SUITE A, ELGIN TX 78621)",https://askebsa.dol.gov/FOIA%20Files/2024/Latest/F_5500_SF_2024_Latest.zip
biz-171,pension,sponsor name or EIN match without corroboration,043685662-001,"SMART CORPORATION, INC.",2025-01-01,low,"sponsor name 'SMART CORPORATION, INC.' matches; sponsor address differs (1122 SWENSON BLVD., SUITE A, ELGIN TX 78621)",https://askebsa.dol.gov/FOIA%20Files/2025/Latest/F_5500_SF_2025_Latest.zip
biz-171,pension,sponsor name or EIN match without corroboration,223928762-001,THE SMART COMPANIES. LLC,2024-01-01,low,"sponsor name 'THE SMART COMPANIES. LLC' matches; sponsor address differs (6182 IDLEWILD STREET, FORT MYERS FL 33966)",https://askebsa.dol.gov/FOIA%20Files/2024/Latest/F_5500_2024_Latest.zip
biz-191,pension,sponsor name or EIN match without corroboration,222865628-001,"PIPE CRAFT, INC.",2024-01-01,low,"sponsor name 'PIPE CRAFT, INC.' matches; sponsor address differs (28 READING BOULEVARD, BELLE MEAD NJ 08502)",https://askebsa.dol.gov/FOIA%20Files/2024/Latest/F_5500_SF_2024_Latest.zip
biz-191,pension,sponsor name or EIN match without corroboration,222865628-001,"PIPE CRAFT, INC.",2025-01-01,low,"sponsor name 'PIPE CRAFT, INC.' matches; sponsor address differs (28 READING BOULEVARD, BELLE MEAD NJ 08502)",https://askebsa.dol.gov/FOIA%20Files/2025/Latest/F_5500_SF_2025_Latest.zip
biz-194,pension,sponsor name or EIN match without corroboration,611093770-003,WILLIAM M. COLLINS,2024-01-01,low,"sponsor name 'WILLIAM M. COLLINS' matches; sponsor address differs (P.O. BOX 748, WHITESBURG KY 41858)",https://askebsa.dol.gov/FOIA%20Files/2024/Latest/F_5500_SF_2024_Latest.zip
biz-207,pension,sponsor name or EIN match without corroboration,810701808-001,MPK ENTERPRISES INC,2024-01-01,low,"sponsor name 'MPK ENTERPRISES INC' matches; sponsor address differs (225 NEW BOSTON ST, WOBURN MA 018016214)",https://askebsa.dol.gov/FOIA%20Files/2024/Latest/F_5500_SF_2024_Latest.zip
biz-217,pension,sponsor name or EIN match without corroboration,042536592-001,"ENVIRONMENTAL SYSTEMS, INC.",2024-01-01,low,"sponsor name 'ENVIRONMENTAL SYSTEMS, INC.' matches; sponsor address differs (130 DEVER DRIVE, TAUNTON MA 02780)",https://askebsa.dol.gov/FOIA%20Files/2024/Latest/F_5500_2024_Latest.zip
biz-217,pension,sponsor name or EIN match without corroboration,630716018-001,ENVIRONMENTAL SYSTEMS CORPORATION,2024-01-01,low,"sponsor name 'ENVIRONMENTAL SYSTEMS CORPORATION' matches; sponsor address differs (4114 ENVIRONMENTAL CIRCLE, HUNTSVILLE AL 35805)",https://askebsa.dol.gov/FOIA%20Files/2024/Latest/F_5500_SF_2024_Latest.zip
biz-217,pension,sponsor name or EIN match without corroboration,630716018-001,ENVIRONMENTAL SYSTEMS CORPORATION,2025-01-01,low,"sponsor name 'ENVIRONMENTAL SYSTEMS CORPORATION' matches; sponsor address differs (4114 ENVIRONMENTAL CIRCLE, HUNTSVILLE AL 35805)",https://askebsa.dol.gov/FOIA%20Files/2025/Latest/F_5500_SF_2025_Latest.zip
biz-219,pension,sponsor name or EIN match without corroboration,042807646-001,"PHOENIX MECHANICAL CONTRACTING, INC.",2024-01-01,low,"sponsor name 'PHOENIX MECHANICAL CONTRACTING, INC.' matches; sponsor address differs (2 WILLOW STREET, STE 102, SOUTHBOROUGH MA 01745)",https://askebsa.dol.gov/FOIA%20Files/2024/Latest/F_5500_SF_2024_Latest.zip
biz-228,pension,sponsor name or EIN match without corroboration,042627494-001,"ASPINWALL PLUMBING & HEATING COMPANY, INC.",2024-01-01,low,"sponsor name 'ASPINWALL PLUMBING & HEATING COMPANY, INC.' matches; sponsor address differs (400 LIBBEY INDUSTRIAL PARKWAY, WEYMOUTH MA 02189)",https://askebsa.dol.gov/FOIA%20Files/2024/Latest/F_5500_SF_2024_Latest.zip
biz-228,pension,sponsor name or EIN match without corroboration,042627494-001,"ASPINWALL PLUMBING & HEATING COMPANY, INC",2025-01-01,low,"sponsor name 'ASPINWALL PLUMBING & HEATING COMPANY, INC' matches; sponsor address differs (400 LIBBEY INDUSTRIAL PARKWAY, WEYMOUTH MA 02189)",https://askebsa.dol.gov/FOIA%20Files/2025/Latest/F_5500_SF_2025_Latest.zip
biz-232,pension,sponsor name or EIN match without corroboration,270212908-001,"TEAM MECHANICAL, LLC",2024-01-01,low,"sponsor name 'TEAM MECHANICAL, LLC' matches; sponsor address differs (3585 CENTRE CIRCLE, FORT MILL SC 29715)",https://askebsa.dol.gov/FOIA%20Files/2024/Latest/F_5500_2024_Latest.zip
biz-232,pension,sponsor name or EIN match without corroboration,270212908-001,"TEAM MECHANICAL, LLC",2025-01-01,low,"sponsor name 'TEAM MECHANICAL, LLC' matches; sponsor address differs (3585 CENTRE CIRCLE, FORT MILL SC 29715)",https://askebsa.dol.gov/FOIA%20Files/2025/Latest/F_5500_2025_Latest.zip
biz-234,pension,sponsor name or EIN match without corroboration,364905342-001,"PREFERRED CONTRACTORS, INC",2024-01-01,low,"sponsor name 'PREFERRED CONTRACTORS, INC' matches; sponsor address differs (1536 QUAIL HOLLOW RD, BEN LOMOND CA 95005)",https://askebsa.dol.gov/FOIA%20Files/2024/Latest/F_5500_SF_2024_Latest.zip
biz-234,pension,sponsor name or EIN match without corroboration,364905342-001,"PREFERRED CONTRACTORS, INC",2025-01-01,low,"sponsor name 'PREFERRED CONTRACTORS, INC' matches; sponsor address differs (1536 QUAIL HOLLOW RD, BEN LOMOND CA 95005)",https://askebsa.dol.gov/FOIA%20Files/2025/Latest/F_5500_SF_2025_Latest.zip
biz-237,pension,sponsor name or EIN match without corroboration,721084741-002,"LUNDY, LLP",2025-01-01,low,"sponsor name 'LUNDY, LLP' matches; sponsor address differs (P.O. BOX 3010, LAKE CHARLES LA 706023010)",https://askebsa.dol.gov/FOIA%20Files/2025/Latest/F_5500_SF_2025_Latest.zip
biz-242,pension,sponsor name or EIN match without corroboration,043237385-001,"P.J. DIONNE COMPANY, INC.",2024-07-01,low,"sponsor name 'P.J. DIONNE COMPANY, INC.' matches; sponsor address differs (64 INDUSTRIAL PARKWAY, WOBURN MA 01801)",https://askebsa.dol.gov/FOIA%20Files/2024/Latest/F_5500_SF_2024_Latest.zip
biz-245,pension,sponsor name or EIN match without corroboration,201083341-001,"BAYSIDE MECHANICAL, INC.",2024-01-01,low,"sponsor name 'BAYSIDE MECHANICAL, INC.' matches; sponsor address differs (396 HATCH DRIVE, FOSTER CITY CA 94404)",https://askebsa.dol.gov/FOIA%20Files/2024/Latest/F_5500_SF_2024_Latest.zip
biz-245,pension,sponsor name or EIN match without corroboration,201083341-001,"BAYSIDE MECHANICAL, INC.",2025-01-01,low,"sponsor name 'BAYSIDE MECHANICAL, INC.' matches; sponsor address differs (396 HATCH DR., FOSTER CITY CA 94404)",https://askebsa.dol.gov/FOIA%20Files/2025/Latest/F_5500_SF_2025_Latest.zip
biz-249,pension,sponsor name or EIN match without corroboration,621674156-001,"ENTERPRISE EQUIPMENT COMPANY, INC.",2025-01-01,low,"sponsor name 'ENTERPRISE EQUIPMENT COMPANY, INC.' matches; sponsor address differs (4712 CENTRAL AVE PK, KNOXVILLE TN 37912)",https://askebsa.dol.gov/FOIA%20Files/2025/Latest/F_5500_SF_2025_Latest.zip
biz-254,pension,sponsor name or EIN match without corroboration,042592245-001,MINUS-ELEVEN INC,2024-01-01,low,"sponsor name 'MINUS-ELEVEN INC' matches; sponsor address differs (2026 PLYMOUTH ST STE A, EAST BRIDGEWATER MA 023332466)",https://askebsa.dol.gov/FOIA%20Files/2024/Latest/F_5500_SF_2024_Latest.zip
biz-254,pension,sponsor name or EIN match without corroboration,042592245-001,MINUS-ELEVEN INC,2025-01-01,low,"sponsor name 'MINUS-ELEVEN INC' matches; sponsor address differs (2026 PLYMOUTH ST STE A, EAST BRIDGEWATER MA 023332466)",https://askebsa.dol.gov/FOIA%20Files/2025/Latest/F_5500_SF_2025_Latest.zip
biz-265,pension,sponsor name or EIN match without corroboration,043096060-001,RST THERMAL INC,2024-01-01,low,"sponsor name 'RST THERMAL INC' matches; sponsor address differs (52 FERRY ST # 1, FALL RIVER MA 027211106)",https://askebsa.dol.gov/FOIA%20Files/2024/Latest/F_5500_SF_2024_Latest.zip
biz-265,pension,sponsor name or EIN match without corroboration,043096060-001,RST THERMAL INC,2025-01-01,low,"sponsor name 'RST THERMAL INC' matches; sponsor address differs (52 FERRY ST # 1, FALL RIVER MA 027211106)",https://askebsa.dol.gov/FOIA%20Files/2025/Latest/F_5500_SF_2025_Latest.zip
biz-272,pension,sponsor name or EIN match without corroboration,454996894-001,WILLWERTH PLUMBING AND HEATING,2024-01-01,low,"sponsor name 'WILLWERTH PLUMBING AND HEATING' matches; sponsor address differs (26 GREEN STREET, READING MA 01867)",https://askebsa.dol.gov/FOIA%20Files/2024/Latest/F_5500_SF_2024_Latest.zip
biz-272,pension,sponsor name or EIN match without corroboration,454996894-001,WILLWERTH PLUMBING AND HEATING,2025-01-01,low,"sponsor name 'WILLWERTH PLUMBING AND HEATING' matches; sponsor address differs (26 GREEN STREET, READING MA 01867)",https://askebsa.dol.gov/FOIA%20Files/2025/Latest/F_5500_SF_2025_Latest.zip
biz-275,pension,sponsor name or EIN match without corroboration,363967568-001,"PREMIER MECHANICAL, INC.",2024-01-01,low,"sponsor name 'PREMIER MECHANICAL, INC.' matches; sponsor address differs (130 S. FAIRBANK STREET, ADDISON IL 60101)",https://askebsa.dol.gov/FOIA%20Files/2024/Latest/F_5500_SF_2024_Latest.zip
biz-275,pension,sponsor name or EIN match without corroboration,363967568-001,"PREMIER MECHANICAL, INC.",2025-01-01,low,"sponsor name 'PREMIER MECHANICAL, INC.' matches; sponsor address differs (130 S. FAIRBANK STREET, ADDISON IL 60101)",https://askebsa.dol.gov/FOIA%20Files/2025/Latest/F_5500_SF_2025_Latest.zip
biz-275,pension,sponsor name or EIN match without corroboration,475334263-001,"PREMIER MECHANICAL, LLC",2025-01-01,low,"sponsor name 'PREMIER MECHANICAL, LLC' matches; sponsor address differs (29 MYSTIC AVE, SOMERVILLE MA 02145)",https://askebsa.dol.gov/FOIA%20Files/2025/Latest/F_5500_SF_2025_Latest.zip
biz-275,pension,sponsor name or EIN match without corroboration,843203208-001,PREMIER MECHANICAL LLC,2024-01-01,low,"sponsor name 'PREMIER MECHANICAL LLC' matches; sponsor address differs (6522 MACCORKLE AVE, SAINT ALBANS WV 25177)",https://askebsa.dol.gov/FOIA%20Files/2024/Latest/F_5500_SF_2024_Latest.zip
biz-275,pension,sponsor name or EIN match without corroboration,934957190-001,"PREMIER MECHANICAL, INC.",2025-01-01,low,"sponsor name 'PREMIER MECHANICAL, INC.' / DBA 'PREMIER MECHANICAL SERVICES' matches; sponsor address differs (12215 NW 35TH STREET, CORAL SPRINGS FL 33065)",https://askebsa.dol.gov/FOIA%20Files/2025/Latest/F_5500_SF_2025_Latest.zip
biz-284,pension,sponsor name or EIN match without corroboration,202506728-001,SUPERIOR PLUMBING INC,2024-01-01,low,"sponsor name 'SUPERIOR PLUMBING INC' matches; sponsor address differs (3531 S 11TH AVE, ELDRIDGE IA 52748)",https://askebsa.dol.gov/FOIA%20Files/2024/Latest/F_5500_SF_2024_Latest.zip
biz-284,pension,sponsor name or EIN match without corroboration,202506728-001,SUPERIOR PLUMBING INC,2025-01-01,low,"sponsor name 'SUPERIOR PLUMBING INC' matches; sponsor address differs (3531 S 11TH AVE, ELDRIDGE IA 52748)",https://askebsa.dol.gov/FOIA%20Files/2025/Latest/F_5500_SF_2025_Latest.zip
biz-286,pension,sponsor name or EIN match without corroboration,113115817-001,"O'KEEFE PLUMBING & HEATING, INC.",2024-01-01,low,"sponsor name 'O'KEEFE PLUMBING & HEATING, INC.' matches; sponsor address differs (42 HARBOR WAY, SEA CLIFF NY 11579)",https://askebsa.dol.gov/FOIA%20Files/2024/Latest/F_5500_SF_2024_Latest.zip
biz-289,pension,sponsor name or EIN match without corroboration,680619937-001,"J.F. PLUMBING, INC.",2024-01-01,low,"sponsor name 'J.F. PLUMBING, INC.' matches; sponsor address differs (1252 WESTBROOK PLACE, LIVERMORE CA 945506430)",https://askebsa.dol.gov/FOIA%20Files/2024/Latest/F_5500_SF_2024_Latest.zip
biz-289,pension,sponsor name or EIN match without corroboration,680619937-001,"J.F. PLUMBING, INC.",2025-01-01,low,"sponsor name 'J.F. PLUMBING, INC.' matches; sponsor address differs (1252 WESTBROOK PLACE, LIVERMORE CA 945506430)",https://askebsa.dol.gov/FOIA%20Files/2025/Latest/F_5500_SF_2025_Latest.zip
biz-292,pension,sponsor name or EIN match without corroboration,042054432-001,"STAR PETROLEUM COMPANY, INC.",2024-01-01,low,"sponsor name 'STAR PETROLEUM COMPANY, INC.' matches; sponsor address differs (95 WASHINGTON STREET, FOXBORO MA 023050107)",https://askebsa.dol.gov/FOIA%20Files/2024/Latest/F_5500_SF_2024_Latest.zip
biz-294,pension,sponsor name or EIN match without corroboration,204374370-001,"INDUSTRIAL PIPING COMPANIES, LLC",2024-01-01,low,"sponsor name 'INDUSTRIAL PIPING COMPANIES, LLC' matches; sponsor address differs (1933 S. ELLIOT ST, PRYOR OK 74361)",https://askebsa.dol.gov/FOIA%20Files/2024/Latest/F_5500_SF_2024_Latest.zip
biz-294,pension,sponsor name or EIN match without corroboration,204374370-001,"INDUSTRIAL PIPING COMPANIES, LLC",2025-01-01,low,"sponsor name 'INDUSTRIAL PIPING COMPANIES, LLC' matches; sponsor address differs (1933 S. ELLIOT ST, PRYOR OK 74361)",https://askebsa.dol.gov/FOIA%20Files/2025/Latest/F_5500_SF_2025_Latest.zip
biz-304,pension,sponsor name or EIN match without corroboration,043523317-001,"CLIMATE ENGINEERING, LLC",2024-01-01,low,"sponsor name 'CLIMATE ENGINEERING, LLC' matches; sponsor address differs (P.O. BOX 2421, ABINGTON MA 02351)",https://askebsa.dol.gov/FOIA%20Files/2024/Latest/F_5500_SF_2024_Latest.zip
biz-304,pension,sponsor name or EIN match without corroboration,043523317-001,"CLIMATE ENGINEERING, LLC",2025-01-01,low,"sponsor name 'CLIMATE ENGINEERING, LLC' matches; sponsor address differs (P.O. BOX 186, EASTON MA 02334)",https://askebsa.dol.gov/FOIA%20Files/2025/Latest/F_5500_SF_2025_Latest.zip
biz-304,pension,sponsor name or EIN match without corroboration,061169064-001,CLIMATE ENGINEERING COMPANIES,2024-01-01,low,"sponsor name 'CLIMATE ENGINEERING COMPANIES' matches; sponsor address differs (1601 PAGE BLVD, SPRINGFIELD MA 01104)",https://askebsa.dol.gov/FOIA%20Files/2024/Latest/F_5500_SF_2024_Latest.zip
biz-306,pension,sponsor name or EIN match without corroboration,042254483-002,"WILLIAM F. LYNCH CO., INC.",2024-01-01,low,"sponsor name 'WILLIAM F. LYNCH CO., INC.' matches; sponsor address differs (50 MILLBROOK ST, WORCESTER MA 01610)",https://askebsa.dol.gov/FOIA%20Files/2024/Latest/F_5500_SF_2024_Latest.zip
biz-306,pension,sponsor name or EIN match without corroboration,042254483-002,"WILLIAM F. LYNCH CO., INC.",2025-01-01,low,"sponsor name 'WILLIAM F. LYNCH CO., INC.' matches; sponsor address differs (50 MILLBROOK ST, WORCESTER MA 01610)",https://askebsa.dol.gov/FOIA%20Files/2025/Latest/F_5500_SF_2025_Latest.zip
biz-308,pension,sponsor name or EIN match without corroboration,753020709-001,"G. & G. FIRE PROTECTION, INC.",2024-01-01,low,"sponsor name 'G. & G. FIRE PROTECTION, INC.' matches; sponsor address differs (61 HOLMAN STREET, ATTLEBORO MA 02703)",https://askebsa.dol.gov/FOIA%20Files/2024/Latest/F_5500_SF_2024_Latest.zip
biz-308,pension,sponsor name or EIN match without corroboration,753020709-001,"G. & G. FIRE PROTECTION, INC.",2025-01-01,low,"sponsor name 'G. & G. FIRE PROTECTION, INC.' matches; sponsor address differs (61 HOLMAN STREET, ATTLEBORO MA 02703)",https://askebsa.dol.gov/FOIA%20Files/2025/Latest/F_5500_SF_2025_Latest.zip
biz-311,pension,sponsor name or EIN match without corroboration,208038211-001,"APEX COMPANIES, LLC",2024-01-01,low,"sponsor name 'APEX COMPANIES, LLC' matches; sponsor address differs (302 WEST 61ST STREET NORTH, PARK CITY KS 67219)",https://askebsa.dol.gov/FOIA%20Files/2024/Latest/F_5500_SF_2024_Latest.zip
biz-311,pension,sponsor name or EIN match without corroboration,208038211-001,"APEX COMPANIES, LLC",2025-01-01,low,"sponsor name 'APEX COMPANIES, LLC' matches; sponsor address differs (302 WEST 61ST STREET NORTH, PARK CITY KS 67219)",https://askebsa.dol.gov/FOIA%20Files/2025/Latest/F_5500_SF_2025_Latest.zip
biz-311,pension,sponsor name or EIN match without corroboration,521562320-001,"APEX COMPANIES, LLC",2024-01-01,low,"sponsor name 'APEX COMPANIES, LLC' matches; sponsor address differs (2101 GAITHER ROAD, ROCKVILLE MD 20850)",https://askebsa.dol.gov/FOIA%20Files/2024/Latest/F_5500_2024_Latest.zip
biz-311,pension,sponsor name or EIN match without corroboration,742884145-001,"APEX LIMITED, INC.",2024-01-01,low,"sponsor name 'APEX LIMITED, INC.' matches; sponsor address differs (1007 23RD ST. BLDG. 2, HONDO TX 78861)",https://askebsa.dol.gov/FOIA%20Files/2024/Latest/F_5500_SF_2024_Latest.zip
biz-311,pension,sponsor name or EIN match without corroboration,742884145-001,"APEX LIMITED, INC.",2025-01-01,low,"sponsor name 'APEX LIMITED, INC.' matches; sponsor address differs (1007 23RD ST. BLDG. 2, HONDO TX 78861)",https://askebsa.dol.gov/FOIA%20Files/2025/Latest/F_5500_SF_2025_Latest.zip
biz-311,pension,sponsor name or EIN match without corroboration,921440642-001,APEX COMPANIES INC,2024-01-01,low,"sponsor name 'APEX COMPANIES INC' matches; sponsor address differs (8608 EAGLE CREEK CIRCLE, SAVAGE MN 55378)",https://askebsa.dol.gov/FOIA%20Files/2024/Latest/F_5500_SF_2024_Latest.zip
biz-311,pension,sponsor name or EIN match without corroboration,921440642-001,APEX COMPANIES INC,2025-01-01,low,"sponsor name 'APEX COMPANIES INC' matches; sponsor address differs (8608 EAGLE CREEK CIRCLE, SAVAGE MN 55378)",https://askebsa.dol.gov/FOIA%20Files/2025/Latest/F_5500_SF_2025_Latest.zip
biz-315,pension,sponsor name or EIN match without corroboration,464693172-001,"RA MECHANICAL, INC.",2024-01-01,low,"sponsor name 'RA MECHANICAL, INC.' matches; sponsor address differs (P.O. BOX 1509, ROSEVILLE CA 95678)",https://askebsa.dol.gov/FOIA%20Files/2024/Latest/F_5500_SF_2024_Latest.zip
biz-321,pension,sponsor name or EIN match without corroboration,900745722-001,LAKE INDUSTRIES INC,2024-01-01,low,"sponsor name 'LAKE INDUSTRIES INC' matches; sponsor address differs (5530 ARVILLE ST STE K-L, LAS VEGAS NV 891186215)",https://askebsa.dol.gov/FOIA%20Files/2024/Latest/F_5500_SF_2024_Latest.zip
biz-321,pension,sponsor name or EIN match without corroboration,900745722-001,LAKE INDUSTRIES INC,2025-01-01,low,"sponsor name 'LAKE INDUSTRIES INC' matches; sponsor address differs (5530 ARVILLE ST STE K-L, LAS VEGAS NV 891186215)",https://askebsa.dol.gov/FOIA%20Files/2025/Latest/F_5500_SF_2025_Latest.zip
biz-348,pension,sponsor name or EIN match without corroboration,273416137-001,T. DUPRE COMPANY LLP,2025-01-01,low,"sponsor name 'T. DUPRE COMPANY LLP' matches; sponsor address differs (38R MERRIMAC STREET STE 101, NEWBURYPORT MA 01950)",https://askebsa.dol.gov/FOIA%20Files/2025/Latest/F_5500_SF_2025_Latest.zip
biz-348,pension,sponsor name or EIN match without corroboration,273416137-001,T. DUPRE COMPANY LLP,2024-01-01,low,"sponsor name 'T. DUPRE COMPANY LLP' matches; sponsor address differs (38R MERRIMAC STREET STE 101, NEWBURYPORT MA 01950)",https://askebsa.dol.gov/FOIA%20Files/2024/Latest/F_5500_SF_2024_Latest.zip
biz-350,pension,sponsor name or EIN match without corroboration,042453979-001,"PITTSFIELD PIPERS, INC.",2024-07-01,low,"sponsor name 'PITTSFIELD PIPERS, INC.' matches; sponsor address differs (73 FOURTH STREET, PITTSFIELD MA 01202)",https://askebsa.dol.gov/FOIA%20Files/2024/Latest/F_5500_SF_2024_Latest.zip
biz-366,pension,sponsor name or EIN match without corroboration,010881770-001,"CARLSON HVAC, INC.",2024-01-01,low,"sponsor name 'CARLSON HVAC, INC.' matches; sponsor address differs (251 OLD CONCORD ROAD, BILLERICA MA 01823)",https://askebsa.dol.gov/FOIA%20Files/2024/Latest/F_5500_SF_2024_Latest.zip
biz-368,pension,sponsor name or EIN match without corroboration,390178960-003,BRADY CORPORATION,2024-01-01,low,"sponsor name 'BRADY CORPORATION' matches; sponsor address differs (P.O. BOX 571, MILWAUKEE WI 532010571)",https://askebsa.dol.gov/FOIA%20Files/2024/Latest/F_5500_2024_Latest.zip
biz-368,pension,sponsor name or EIN match without corroboration,390178960-003,BRADY CORPORATION,2025-01-01,low,"sponsor name 'BRADY CORPORATION' matches; sponsor address differs (P.O. BOX 571, MILWAUKEE WI 532010571)",https://askebsa.dol.gov/FOIA%20Files/2025/Latest/F_5500_2025_Latest.zip
biz-368,pension,sponsor name or EIN match without corroboration,390178960-004,BRADY CORPORATION,2024-01-01,low,"sponsor name 'BRADY CORPORATION' matches; sponsor address differs (P.O. BOX 571, MILWAUKEE WI 532010571)",https://askebsa.dol.gov/FOIA%20Files/2024/Latest/F_5500_2024_Latest.zip
biz-368,pension,sponsor name or EIN match without corroboration,390178960-004,BRADY CORPORATION,2025-01-01,low,"sponsor name 'BRADY CORPORATION' matches; sponsor address differs (P.O. BOX 571, MILWAUKEE WI 532010571)",https://askebsa.dol.gov/FOIA%20Files/2025/Latest/F_5500_2025_Latest.zip
biz-368,pension,sponsor name or EIN match without corroboration,471404623-001,"BRADY COMPANIES, LLC",2024-01-01,low,"sponsor name 'BRADY COMPANIES, LLC' matches; sponsor address differs (7055 LINDELL RD, LAS VEGAS NV 891184703)",https://askebsa.dol.gov/FOIA%20Files/2024/Latest/F_5500_2024_Latest.zip
biz-371,pension,sponsor name or EIN match without corroboration,061040317-001,CENTRAL SYSTEMS INC,2024-01-01,low,"sponsor name 'CENTRAL SYSTEMS INC' matches; sponsor address differs (211 POKORNY RD, HIGGANUM CT 06441)",https://askebsa.dol.gov/FOIA%20Files/2024/Latest/F_5500_SF_2024_Latest.zip
biz-371,pension,sponsor name or EIN match without corroboration,061040317-001,CENTRAL SYSTEMS INC,2025-01-01,low,"sponsor name 'CENTRAL SYSTEMS INC' matches; sponsor address differs (211 POKORNY RD, HIGGANUM CT 06441)",https://askebsa.dol.gov/FOIA%20Files/2025/Latest/F_5500_SF_2025_Latest.zip
biz-372,pension,sponsor name or EIN match without corroboration,043022750-001,"PERFORMANCE PIPING, INC",2024-01-01,low,"sponsor name 'PERFORMANCE PIPING, INC' matches; sponsor address differs (400 WEST CUMMINGS PARK, STE 3550, WOBURN MA 01801)",https://askebsa.dol.gov/FOIA%20Files/2024/Latest/F_5500_SF_2024_Latest.zip
biz-372,pension,sponsor name or EIN match without corroboration,043022750-001,"PERFORMANCE PIPING, INC",2025-01-01,low,"sponsor name 'PERFORMANCE PIPING, INC' matches; sponsor address differs (400 WEST CUMMINGS PARK, SUITE 35, WOBURN MA 01801)",https://askebsa.dol.gov/FOIA%20Files/2025/Latest/F_5500_SF_2025_Latest.zip
biz-401,pension,sponsor name or EIN match without corroboration,912118902-001,WEST MECHANICAL INC.,2024-01-01,low,"sponsor name 'WEST MECHANICAL INC.' matches; sponsor address differs (4443 ALDRICH RD., BELLINGHAM WA 98226)",https://askebsa.dol.gov/FOIA%20Files/2024/Latest/F_5500_SF_2024_Latest.zip
biz-401,pension,sponsor name or EIN match without corroboration,912118902-001,WEST MECHANICAL INC.,2025-01-01,low,"sponsor name 'WEST MECHANICAL INC.' matches; sponsor address differs (4443 ALDRICH RD., BELLINGHAM WA 98226)",https://askebsa.dol.gov/FOIA%20Files/2025/Latest/F_5500_SF_2025_Latest.zip
biz-403,pension,sponsor name or EIN match without corroboration,161397337-001,"DRAIN DOCTOR, INC.",2024-01-01,low,"sponsor name 'DRAIN DOCTOR, INC.' matches; sponsor address differs (1400 COLLEGE AVENUE, NIAGARA FALLS NY 14305)",https://askebsa.dol.gov/FOIA%20Files/2024/Latest/F_5500_SF_2024_Latest.zip
biz-403,pension,sponsor name or EIN match without corroboration,161397337-001,"DRAIN DOCTOR, INC.",2025-01-01,low,"sponsor name 'DRAIN DOCTOR, INC.' matches; sponsor address differs (1400 COLLEGE AVENUE, NIAGARA FALLS NY 14305)",https://askebsa.dol.gov/FOIA%20Files/2025/Latest/F_5500_SF_2025_Latest.zip
biz-410,pension,sponsor name or EIN match without corroboration,042379378-002,"MCCORMICK-ALLUM CO., INC.",2026-01-01,low,"sponsor name 'MCCORMICK-ALLUM CO., INC.' matches; sponsor address differs (165 STAFFORD STREET, SPRINGFIELD MA 01101)",https://askebsa.dol.gov/FOIA%20Files/2025/Latest/F_5500_SF_2025_Latest.zip
biz-410,pension,sponsor name or EIN match without corroboration,853789072-002,MCCORMICK ALLUM LLC,2024-01-01,low,"sponsor name 'MCCORMICK ALLUM LLC' matches; sponsor address differs (165 STAFFORD STREET, SPRINGFIELD MA 01101)",https://askebsa.dol.gov/FOIA%20Files/2024/Latest/F_5500_SF_2024_Latest.zip
biz-410,pension,sponsor name or EIN match without corroboration,853789072-002,MCCORMICK ALLUM LLC,2025-01-01,low,"sponsor name 'MCCORMICK ALLUM LLC' matches; sponsor address differs (165 STAFFORD STREET, SPRINGFIELD MA 01101)",https://askebsa.dol.gov/FOIA%20Files/2025/Latest/F_5500_SF_2025_Latest.zip
,business_grouping,"same street address + ZIP, different legal names, no DBA evidence: kept as separate businesses",4733737007;4742747001;7427398700,"NORTHEASTERN MECHANICAL INC | NORTHEASTERN MECHANICAL, INC. | PATRIOT PLUMBING & HEATING, INC.",,,35 INDUSTRIAL DR 02021,https://data.sba.gov/sites/default/files/distribution/SBA-OCA-2022-07-001/public_150k_plus_240930.csv
,business_grouping,"same street address + ZIP, different legal names, no DBA evidence: kept as separate businesses",1538388507;6424587702,UNIVERSAL AUTOMATION & MECHANICAL SERVICES INC. | UNIVERSAL AUTOMATION &AMP; MECHANICAL SERVICES INC,,,24 WALPOLE PARK S 02081,https://data.sba.gov/sites/default/files/distribution/SBA-OCA-2022-07-001/public_150k_plus_240930.csv
,business_grouping,"same street address + ZIP, different legal names, no DBA evidence: kept as separate businesses",1496528502;9511317203;9940347003,"JEFFREY J. PEABODY PLUMBING AND HEATING, LLC | METRO-SWIFT SPRINKLER CORP | METRO-SWIFT SPRINKLER CORP.",,,58 R PULASKI ST 01960,https://data.sba.gov/sites/default/files/distribution/SBA-OCA-2022-07-001/public_150k_plus_240930.csv
,business_grouping,"same street address + ZIP, different legal names, no DBA evidence: kept as separate businesses",1394368610;6195727103;6299227100,"MERRIMACK VALLEY CORPORATION | MERRIMACK VALLEY SYSTEMS INC. | MERRIMACK VALLEY SYSTEMS, INC.",,,15 AEGEAN DR 01844,https://data.sba.gov/sites/default/files/distribution/SBA-OCA-2022-07-001/public_150k_plus_240930.csv
,business_grouping,"same street address + ZIP, different legal names, no DBA evidence: kept as separate businesses",2412828703;8060998406,PINNACLE CONSTRUCTION SERVICES LLC | PINNACLE PIPING AND SERVICE CORPORATION,,,950 DORCHESTER AVE 02125,https://data.sba.gov/sites/default/files/distribution/SBA-OCA-2022-07-001/public_150k_plus_240930.csv
,business_grouping,"same street address + ZIP, different legal names, no DBA evidence: kept as separate businesses",2692557103;3308178300;3751417102,"GERVAIS MECHANICAL SERVICES, LLC | GERVAIS PLUMBING & HEATING INC. | GERVAIS PLUMBING & HEATING, INC.",,,317 SOUTHBRIDGE ST 01501,https://data.sba.gov/sites/default/files/distribution/SBA-OCA-2022-07-001/public_150k_plus_240930.csv
,business_grouping,"same street address + ZIP, different legal names, no DBA evidence: kept as separate businesses",1971337301;5085847305;5981588402,GENERAL AIR-CONDITIONING / HEATING INC | SYDNEY SHEET METAL,,,7 GASTON ST 02121,https://data.sba.gov/sites/default/files/distribution/SBA-OCA-2022-07-001/public_150k_plus_240930.csv
,business_grouping,"same street address + ZIP, different legal names, no DBA evidence: kept as separate businesses",2614118504;5275727000,"BOSTON STANDARD PLUMBING HEATING & COOLING | NEW ENGLAND DUCTLESS, INC.",,,41 HOLLINGSWORTH ST 02126,https://data.sba.gov/sites/default/files/distribution/SBA-OCA-2022-07-001/public_150k_plus_240930.csv
,business_grouping,"same street address + ZIP, different legal names, no DBA evidence: kept as separate businesses",3120418603;5840867708;8092237301;8894328400,PERFORMANCE AIR CONDITIONING INC | PERFORMANCE PIPING INC,,,52 BROOK RD 02494,https://data.sba.gov/sites/default/files/distribution/SBA-OCA-2022-07-001/public_150k_plus_240930.csv
,business_grouping,"same street address + ZIP, different legal names, no DBA evidence: kept as separate businesses",2792577106;4020038310;4471907205,"H.I.M. MECHANICAL SYSTEMS, INC. | HIM MECHANICAL SYSTEMS INC | LARKIN / HATHAWAY INC.",,,90 1 ST 02324,https://data.sba.gov/sites/default/files/distribution/SBA-OCA-2022-07-001/public_150k_plus_240930.csv
,business_grouping,"same street address + ZIP, different legal names, no DBA evidence: kept as separate businesses",3302078609;9132807110,"THOMAS J KENNEDY PLUMBING HEATING & HV | THOMAS J. KENNEDY PLUMBING, HEATING, & HVAC, INC.",,,1635 BROADWAY 02767,https://data.sba.gov/sites/default/files/distribution/SBA-OCA-2022-07-001/public_150k_plus_240930.csv
,business_grouping,"same street address + ZIP, different legal names, no DBA evidence: kept as separate businesses",3683718309;4747947001,GRAY COMPANY | HANLON SHEET METAL CONTRACTORS INC.,,,28 NASHUA RD 01862,https://data.sba.gov/sites/default/files/distribution/SBA-OCA-2022-07-001/public_150k_plus_240930.csv
,business_grouping,"same street address + ZIP, different legal names, no DBA evidence: kept as separate businesses",8284287005;8838548402;8854578400,CAPAVI-USA INC | KENNEDY MECHANICAL INC,,,271 SALEM ST 01801,https://data.sba.gov/sites/default/files/distribution/SBA-OCA-2022-07-001/public_150k_plus_240930.csv
,business_grouping,"same street address + ZIP, different legal names, no DBA evidence: kept as separate businesses",7110817102;7626587106,"PREFERRED CONTRACTORS, INC. | PREFERRED MECHANICAL SERVICES",,,223 CENTER ST 02359,https://data.sba.gov/sites/default/files/distribution/SBA-OCA-2022-07-001/public_150k_plus_240930.csv
,business_grouping,"same street address + ZIP, different legal names, no DBA evidence: kept as separate businesses",5197667010;5204827009,"SUBURBAN HVAC, INC. | SUBURBAN SERVICE CORPORATION OF NORWOOD",,,16 SW PARK 02090,https://data.sba.gov/sites/default/files/distribution/SBA-OCA-2022-07-001/public_150k_plus_240930.csv
,business_grouping,"same street address + ZIP, different legal names, no DBA evidence: kept as separate businesses",3052877210;4238848407,DAVID FREDENBURGH | DF PLUMBING & MECHANICAL CONTRACTORS,,,9 STADLER ST 01007,https://data.sba.gov/sites/default/files/distribution/SBA-OCA-2022-07-001/public_150k_plus_240930.csv
,business_grouping,"same street address + ZIP, different legal names, no DBA evidence: kept as separate businesses",4109077300;6516617706,BOSTON COOLING &AMP; HEATING CO INC | JUNCTION INCORPORATED,,,588 PLEASANT ST 02062,https://data.sba.gov/sites/default/files/distribution/SBA-OCA-2022-07-001/public_150k_plus_240930.csv
,business_grouping,"same street address + ZIP, different legal names, no DBA evidence: kept as separate businesses",3103217103;8215427300,"A FAGUNDES PLUMBING & HEATING INC. | BRADY COMPANIES, INC.",,,225 STEDMAN ST 01851,https://data.sba.gov/sites/default/files/distribution/SBA-OCA-2022-07-001/public_150k_plus_240930.csv
